"Longitude (x)","Latitude (y)","Station Name","Climate ID","Date/Time (LST)","Year","Month","Day","Time (LST)","Flag","Temp (°C)","Temp Flag","Dew Point Temp (°C)","Dew Point Temp Flag","Rel Hum (%)","Rel Hum Flag","Precip. Amount (mm)","Precip. Amount Flag","Wind Dir (10s deg)","Wind Dir Flag","Wind Spd (km/h)","Wind Spd Flag","Visibility (km)","Visibility Flag","Stn Press (kPa)","Stn Press Flag","Hmdx","Hmdx Flag","Wind Chill","Wind Chill Flag","Weather"
"-79.63","43.68","TORONTO INTL A","6158731","2026-05-01 00:00","2026","05","01","00:00","","5.1","","-3.7","","53","","","","35","","16","","24.1","","99.28","","","","","","NA"
"-79.63","43.68","TORONTO INTL A","6158731","2026-05-01 01:00","2026","05","01","01:00","","4.1","","-2.8","","61","","","","36","","11","","24.1","","99.27","","","","","","Mainly Clear"
"-79.63","43.68","TORONTO INTL A","6158731","2026-05-01 02:00","2026","05","01","02:00","","3.0","","-2.5","","67","","","","31","","10","","24.1","","99.25","","","","","","NA"
"-79.63","43.68","TORONTO INTL A","6158731","2026-05-01 03:00","2026","05","01","03:00","","2.9","","-2.6","","67","","","","31","","7","","24.1","","99.23","","","","","","NA"
"-79.63","43.68","TORONTO INTL A","6158731","2026-05-01 04:00","2026","05","01","04:00","","3.1","","-1.8","","70","","","","31","","9","","24.1","","99.24","","","","","","Mostly Cloudy"
"-79.63","43.68","TORONTO INTL A","6158731","2026-05-01 05:00","2026","05","01","05:00","","3.6","","-1.8","","68","","","","31","","10","","24.1","","99.23","","","","","","NA"
"-79.63","43.68","TORONTO INTL A","6158731","2026-05-01 06:00","2026","05","01","06:00","","4.0","","-1.4","","68","","","","28","","9","","24.1","","99.26","","","","","","NA"
"-79.63","43.68","TORONTO INTL A","6158731","2026-05-01 07:00","2026","05","01","07:00","","5.0","","-2.5","","58","","","","28","","4","","24.1","","99.24","","","","","","Mostly Cloudy"
"-79.63","43.68","TORONTO INTL A","6158731","2026-05-01 08:00","2026","05","01","08:00","","6.2","","-2.4","","54","","","","25","","7","","24.1","","99.25","","","","","","NA"
"-79.63","43.68","TORONTO INTL A","6158731","2026-05-01 09:00","2026","05","01","09:00","","7.9","","-1.1","","53","","","","26","","10","","24.1","","99.23","","","","","","NA"
"-79.63","43.68","TORONTO INTL A","6158731","2026-05-01 10:00","2026","05","01","10:00","","8.7","","-0.2","","54","","","","21","","10","","24.1","","99.19","","","","","","Mostly Cloudy"
"-79.63","43.68","TORONTO INTL A","6158731","2026-05-01 11:00","2026","05","01","11:00","","9.8","","-0.2","","49","","","","27","","5","","24.1","","99.14","","","","","","NA"
"-79.63","43.68","TORONTO INTL A","6158731","2026-05-01 12:00","2026","05","01","12:00","","9.6","","-0.2","","50","","","","16","","21","","24.1","","99.11","","","","","","NA"
"-79.63","43.68","TORONTO INTL A","6158731","2026-05-01 13:00","2026","05","01","13:00","","9.0","","-0.9","","50","","","","17","","17","","24.1","","99.07","","","","","","Mostly Cloudy"
"-79.63","43.68","TORONTO INTL A","6158731","2026-05-01 14:00","2026","05","01","14:00","","9.0","","-1.3","","48","","","","14","","13","","24.1","","99.05","","","","","","NA"
"-79.63","43.68","TORONTO INTL A","6158731","2026-05-01 15:00","2026","05","01","15:00","","8.8","","-0.7","","51","","","","17","","11","","24.1","","99.04","","","","","","NA"
"-79.63","43.68","TORONTO INTL A","6158731","2026-05-01 16:00","2026","05","01","16:00","","8.1","","-0.3","","55","","","","16","","12","","24.1","","99.05","","","","","","Cloudy"
"-79.63","43.68","TORONTO INTL A","6158731","2026-05-01 17:00","2026","05","01","17:00","","8.5","","-1.4","","49","","","","3","","9","","24.1","","99.09","","","","","","NA"
"-79.63","43.68","TORONTO INTL A","6158731","2026-05-01 18:00","2026","05","01","18:00","","8.9","","-3.6","","41","","","","31","","18","","24.1","","99.11","","","","","","NA"
"-79.63","43.68","TORONTO INTL A","6158731","2026-05-01 19:00","2026","05","01","19:00","","8.6","","-3.6","","42","","","","32","","22","","24.1","","99.16","","","","","","Mostly Cloudy"
"-79.63","43.68","TORONTO INTL A","6158731","2026-05-01 20:00","2026","05","01","20:00","","6.6","","-2.9","","50","","","","31","","26","","24.1","","99.24","","","","","","NA"
"-79.63","43.68","TORONTO INTL A","6158731","2026-05-01 21:00","2026","05","01","21:00","","4.4","","-2.6","","61","","","","32","","28","","24.1","","99.34","","","","","","NA"
"-79.63","43.68","TORONTO INTL A","6158731","2026-05-01 22:00","2026","05","01","22:00","","3.4","","-2.5","","65","","","","32","","20","","24.1","","99.35","","","","","","Clear"
"-79.63","43.68","TORONTO INTL A","6158731","2026-05-01 23:00","2026","05","01","23:00","","2.7","","-2.6","","68","","","","31","","16","","24.1","","99.36","","","","","","NA"
"-79.63","43.68","TORONTO INTL A","6158731","2026-05-02 00:00","2026","05","02","00:00","","1.7","","-2.8","","72","","","","30","","9","","24.1","","99.37","","","","","","NA"
"-79.63","43.68","TORONTO INTL A","6158731","2026-05-02 01:00","2026","05","02","01:00","","0.3","","-2.6","","81","","","","28","","13","","24.1","","99.38","","","","","","Clear"
"-79.63","43.68","TORONTO INTL A","6158731","2026-05-02 02:00","2026","05","02","02:00","","0.8","","-2.1","","81","","","","28","","14","","24.1","","99.36","","","","","","NA"
"-79.63","43.68","TORONTO INTL A","6158731","2026-05-02 03:00","2026","05","02","03:00","","0.4","","-2.5","","81","","","","30","","16","","24.1","","99.34","","","","","","NA"
"-79.63","43.68","TORONTO INTL A","6158731","2026-05-02 04:00","2026","05","02","04:00","","0.6","","-2.6","","79","","","","29","","17","","24.1","","99.35","","","","","","Mainly Clear"
"-79.63","43.68","TORONTO INTL A","6158731","2026-05-02 05:00","2026","05","02","05:00","","0.3","","-2.8","","79","","","","28","","16","","24.1","","99.39","","","","","","NA"
"-79.63","43.68","TORONTO INTL A","6158731","2026-05-02 06:00","2026","05","02","06:00","","1.2","","-2.7","","75","","","","28","","18","","24.1","","99.41","","","","","","NA"
"-79.63","43.68","TORONTO INTL A","6158731","2026-05-02 07:00","2026","05","02","07:00","","2.7","","-1.8","","73","","","","28","","18","","24.1","","99.45","","","","","","Mostly Cloudy"
"-79.63","43.68","TORONTO INTL A","6158731","2026-05-02 08:00","2026","05","02","08:00","","3.7","","-1.1","","71","","","","31","","22","","24.1","","99.47","","","","","","NA"
"-79.63","43.68","TORONTO INTL A","6158731","2026-05-02 09:00","2026","05","02","09:00","","4.5","","-0.6","","69","","","","33","","18","","24.1","","99.45","","","","","","NA"
"-79.63","43.68","TORONTO INTL A","6158731","2026-05-02 10:00","2026","05","02","10:00","","5.3","","-1.2","","63","","","","34","","23","","24.1","","99.44","","","","","","Mostly Cloudy"
"-79.63","43.68","TORONTO INTL A","6158731","2026-05-02 11:00","2026","05","02","11:00","","7.0","","-1.2","","56","","","","32","","20","","24.1","","99.43","","","","","","NA"
"-79.63","43.68","TORONTO INTL A","6158731","2026-05-02 12:00","2026","05","02","12:00","","7.2","","-2.4","","51","","","","32","","18","","24.1","","99.40","","","","","","NA"
"-79.63","43.68","TORONTO INTL A","6158731","2026-05-02 13:00","2026","05","02","13:00","","7.3","","-4.3","","43","","","","35","","11","","24.1","","99.39","","","","","","Mostly Cloudy"
"-79.63","43.68","TORONTO INTL A","6158731","2026-05-02 14:00","2026","05","02","14:00","","7.6","","-4.3","","43","","","","32","","16","","24.1","","99.40","","","","","","NA"
"-79.63","43.68","TORONTO INTL A","6158731","2026-05-02 15:00","2026","05","02","15:00","","7.3","","-5.0","","41","","","","33","","18","","24.1","","99.37","","","","","","NA"
"-79.63","43.68","TORONTO INTL A","6158731","2026-05-02 16:00","2026","05","02","16:00","","7.1","","-3.9","","46","","","","28","","22","","24.1","","99.36","","","","","","Cloudy"
"-79.63","43.68","TORONTO INTL A","6158731","2026-05-02 17:00","2026","05","02","17:00","","6.7","","-4.0","","46","","","","30","","22","","24.1","","99.37","","","","","","NA"
"-79.63","43.68","TORONTO INTL A","6158731","2026-05-02 18:00","2026","05","02","18:00","","6.8","","-4.0","","46","","","","31","","22","","24.1","","99.36","","","","","","NA"
"-79.63","43.68","TORONTO INTL A","6158731","2026-05-02 19:00","2026","05","02","19:00","","6.5","","-5.5","","42","","","","29","","17","","24.1","","99.37","","","","","","Mostly Cloudy"
"-79.63","43.68","TORONTO INTL A","6158731","2026-05-02 20:00","2026","05","02","20:00","","4.3","","-5.0","","51","","","","24","","13","","24.1","","99.37","","","","","","NA"
"-79.63","43.68","TORONTO INTL A","6158731","2026-05-02 21:00","2026","05","02","21:00","","3.0","","-5.1","","55","","","","25","","12","","24.1","","99.40","","","","","","NA"
"-79.63","43.68","TORONTO INTL A","6158731","2026-05-02 22:00","2026","05","02","22:00","","1.6","","-4.9","","62","","","","26","","10","","24.1","","99.38","","","","","","Clear"
"-79.63","43.68","TORONTO INTL A","6158731","2026-05-02 23:00","2026","05","02","23:00","","2.5","","-6.4","","52","","","","28","","9","","24.1","","99.38","","","","","","NA"
"-79.63","43.68","TORONTO INTL A","6158731","2026-05-03 00:00","2026","05","03","00:00","","2.6","","-6.8","","50","","","","31","","9","","24.1","","99.37","","","","","","NA"
"-79.63","43.68","TORONTO INTL A","6158731","2026-05-03 01:00","2026","05","03","01:00","","1.2","","-6.6","","56","","","","29","","7","","24.1","","99.34","","","","","","Clear"
"-79.63","43.68","TORONTO INTL A","6158731","2026-05-03 02:00","2026","05","03","02:00","","1.2","","-6.5","","57","","","","28","","4","","24.1","","99.30","","","","","","NA"
"-79.63","43.68","TORONTO INTL A","6158731","2026-05-03 03:00","2026","05","03","03:00","","0.8","","-6.7","","57","","","","25","","6","","24.1","","99.29","","","","","","NA"
"-79.63","43.68","TORONTO INTL A","6158731","2026-05-03 04:00","2026","05","03","04:00","","1.0","","-6.5","","58","","","","27","","5","","24.1","","99.26","","","","","","Mainly Clear"
"-79.63","43.68","TORONTO INTL A","6158731","2026-05-03 05:00","2026","05","03","05:00","","0.9","","-6.3","","59","","","","","","0","","24.1","","99.22","","","","","","NA"
"-79.63","43.68","TORONTO INTL A","6158731","2026-05-03 06:00","2026","05","03","06:00","","2.1","","-4.2","","63","","","","23","","5","","24.1","","99.22","","","","","","NA"
"-79.63","43.68","TORONTO INTL A","6158731","2026-05-03 07:00","2026","05","03","07:00","","4.2","","-1.4","","67","","","","","","0","","24.1","","99.21","","","","","","Mainly Clear"
"-79.63","43.68","TORONTO INTL A","6158731","2026-05-03 08:00","2026","05","03","08:00","","6.2","","-2.3","","54","","","","22","","7","","24.1","","99.22","","","","","","NA"
"-79.63","43.68","TORONTO INTL A","6158731","2026-05-03 09:00","2026","05","03","09:00","","7.9","","-1.3","","52","","","","21","","5","","24.1","","99.20","","","","","","NA"
"-79.63","43.68","TORONTO INTL A","6158731","2026-05-03 10:00","2026","05","03","10:00","","9.5","","-3.0","","41","","","","23","","11","","24.1","","99.15","","","","","","Mostly Cloudy"
"-79.63","43.68","TORONTO INTL A","6158731","2026-05-03 11:00","2026","05","03","11:00","","11.6","","-1.7","","40","","","","19","","10","","24.1","","99.08","","","","","","NA"
"-79.63","43.68","TORONTO INTL A","6158731","2026-05-03 12:00","2026","05","03","12:00","","12.8","","-1.5","","37","","","","25","","21","","24.1","","98.99","","","","","","NA"
"-79.63","43.68","TORONTO INTL A","6158731","2026-05-03 13:00","2026","05","03","13:00","","12.2","","-1.7","","38","","","","14","","17","","24.1","","98.88","","","","","","Mostly Cloudy"
"-79.63","43.68","TORONTO INTL A","6158731","2026-05-03 14:00","2026","05","03","14:00","","12.2","","1.2","","47","","","","13","","13","","24.1","","98.77","","","","","","NA"
"-79.63","43.68","TORONTO INTL A","6158731","2026-05-03 15:00","2026","05","03","15:00","","13.8","","1.6","","43","","","","23","","27","","19.3","","98.71","","","","","","Rain Showers"
"-79.63","43.68","TORONTO INTL A","6158731","2026-05-03 16:00","2026","05","03","16:00","","10.5","","5.7","","72","","","","27","","34","","12.9","","98.79","","","","","","Rain Showers"
"-79.63","43.68","TORONTO INTL A","6158731","2026-05-03 17:00","2026","05","03","17:00","","10.3","","6.2","","76","","","","26","","26","","19.3","","98.79","","","","","","NA"
"-79.63","43.68","TORONTO INTL A","6158731","2026-05-03 18:00","2026","05","03","18:00","","10.2","","5.8","","74","","","","25","","24","","24.1","","98.73","","","","","","NA"
"-79.63","43.68","TORONTO INTL A","6158731","2026-05-03 19:00","2026","05","03","19:00","","10.6","","5.9","","72","","","","23","","15","","24.1","","98.68","","","","","","Mostly Cloudy"
"-79.63","43.68","TORONTO INTL A","6158731","2026-05-03 20:00","2026","05","03","20:00","","10.7","","5.3","","69","","","","20","","10","","24.1","","98.66","","","","","","NA"
"-79.63","43.68","TORONTO INTL A","6158731","2026-05-03 21:00","2026","05","03","21:00","","11.3","","3.0","","57","","","","23","","12","","24.1","","98.67","","","","","","NA"
"-79.63","43.68","TORONTO INTL A","6158731","2026-05-03 22:00","2026","05","03","22:00","","9.6","","2.5","","61","","","","24","","10","","24.1","","98.64","","","","","","Mostly Cloudy"
"-79.63","43.68","TORONTO INTL A","6158731","2026-05-03 23:00","2026","05","03","23:00","","11.8","","2.5","","53","","","","24","","29","","24.1","","98.59","","","","","","NA"
"-79.63","43.68","TORONTO INTL A","6158731","2026-05-04 00:00","2026","05","04","00:00","","11.9","","3.1","","55","","","","24","","24","","24.1","","98.59","","","","","","NA"
"-79.63","43.68","TORONTO INTL A","6158731","2026-05-04 01:00","2026","05","04","01:00","","11.6","","3.0","","55","","","","24","","26","","24.1","","98.53","","","","","","Mostly Cloudy"
"-79.63","43.68","TORONTO INTL A","6158731","2026-05-04 02:00","2026","05","04","02:00","","11.8","","3.0","","54","","","","24","","25","","24.1","","98.51","","","","","","NA"
"-79.63","43.68","TORONTO INTL A","6158731","2026-05-04 03:00","2026","05","04","03:00","","11.1","","3.2","","58","","","","23","","19","","24.1","","98.49","","","","","","NA"
"-79.63","43.68","TORONTO INTL A","6158731","2026-05-04 04:00","2026","05","04","04:00","","10.4","","3.3","","61","","","","23","","23","","24.1","","98.46","","","","","","Mostly Cloudy"
"-79.63","43.68","TORONTO INTL A","6158731","2026-05-04 05:00","2026","05","04","05:00","","9.9","","3.4","","64","","","","22","","19","","24.1","","98.43","","","","","","NA"
"-79.63","43.68","TORONTO INTL A","6158731","2026-05-04 06:00","2026","05","04","06:00","","10.0","","3.7","","65","","","","24","","24","","24.1","","98.44","","","","","","NA"
"-79.63","43.68","TORONTO INTL A","6158731","2026-05-04 07:00","2026","05","04","07:00","","11.8","","4.8","","62","","","","23","","27","","24.1","","98.43","","","","","","Mainly Clear"
"-79.63","43.68","TORONTO INTL A","6158731","2026-05-04 08:00","2026","05","04","08:00","","13.1","","5.2","","58","","","","23","","13","","24.1","","98.41","","","","","","NA"
"-79.63","43.68","TORONTO INTL A","6158731","2026-05-04 09:00","2026","05","04","09:00","","15.0","","6.0","","55","","","","23","","17","","24.1","","98.39","","","","","","NA"
"-79.63","43.68","TORONTO INTL A","6158731","2026-05-04 10:00","2026","05","04","10:00","","16.6","","7.5","","55","","","","23","","18","","24.1","","98.37","","","","","","Mostly Cloudy"
"-79.63","43.68","TORONTO INTL A","6158731","2026-05-04 11:00","2026","05","04","11:00","","18.3","","7.9","","50","","","","23","","21","","24.1","","98.32","","","","","","NA"
"-79.63","43.68","TORONTO INTL A","6158731","2026-05-04 12:00","2026","05","04","12:00","","20.2","","7.9","","45","","","","22","","23","","24.1","","98.27","","","","","","NA"
"-79.63","43.68","TORONTO INTL A","6158731","2026-05-04 13:00","2026","05","04","13:00","","21.6","","7.3","","39","","","","23","","34","","24.1","","98.17","","","","","","Mainly Clear"
"-79.63","43.68","TORONTO INTL A","6158731","2026-05-04 14:00","2026","05","04","14:00","","22.6","","5.6","","33","","","","21","","40","","24.1","","98.12","","","","","","NA"
"-79.63","43.68","TORONTO INTL A","6158731","2026-05-04 15:00","2026","05","04","15:00","","22.2","","6.0","","34","","","","21","","39","","24.1","","98.09","","","","","","NA"
"-79.63","43.68","TORONTO INTL A","6158731","2026-05-04 16:00","2026","05","04","16:00","","22.9","","4.8","","30","","","","23","","40","","24.1","","98.03","","","","","","Mostly Cloudy"
"-79.63","43.68","TORONTO INTL A","6158731","2026-05-04 17:00","2026","05","04","17:00","","21.8","","3.8","","30","","","","22","","43","","24.1","","98.08","","","","","","NA"
"-79.63","43.68","TORONTO INTL A","6158731","2026-05-04 18:00","2026","05","04","18:00","","21.2","","3.8","","31","","","","22","","31","","24.1","","98.05","","","","","","NA"
"-79.63","43.68","TORONTO INTL A","6158731","2026-05-04 19:00","2026","05","04","19:00","","20.4","","3.0","","31","","","","21","","26","","24.1","","98.01","","","","","","Mostly Cloudy"
"-79.63","43.68","TORONTO INTL A","6158731","2026-05-04 20:00","2026","05","04","20:00","","19.9","","3.5","","33","","","","20","","17","","24.1","","97.98","","","","","","NA"
"-79.63","43.68","TORONTO INTL A","6158731","2026-05-04 21:00","2026","05","04","21:00","","18.8","","4.3","","38","","","","19","","15","","24.1","","98.01","","","","","","NA"
"-79.63","43.68","TORONTO INTL A","6158731","2026-05-04 22:00","2026","05","04","22:00","","18.3","","7.4","","48","","","","20","","18","","24.1","","97.96","","","","","","Mainly Clear"
"-79.63","43.68","TORONTO INTL A","6158731","2026-05-04 23:00","2026","05","04","23:00","","18.1","","9.7","","58","","","","22","","25","","24.1","","97.89","","","","","","NA"
"-79.63","43.68","TORONTO INTL A","6158731","2026-05-05 00:00","2026","05","05","00:00","","17.5","","9.6","","59","","","","22","","20","","24.1","","97.91","","","","","","NA"
"-79.63","43.68","TORONTO INTL A","6158731","2026-05-05 01:00","2026","05","05","01:00","","16.9","","9.6","","62","","","","22","","29","","24.1","","97.90","","","","","","Mostly Cloudy"
"-79.63","43.68","TORONTO INTL A","6158731","2026-05-05 02:00","2026","05","05","02:00","","16.9","","10.0","","63","","","","21","","20","","24.1","","97.84","","","","","","NA"
"-79.63","43.68","TORONTO INTL A","6158731","2026-05-05 03:00","2026","05","05","03:00","","16.7","","10.3","","66","","","","21","","18","","24.1","","97.85","","","","","","NA"
"-79.63","43.68","TORONTO INTL A","6158731","2026-05-05 04:00","2026","05","05","04:00","","16.7","","10.2","","65","","","","21","","20","","24.1","","97.81","","","","","","Mostly Cloudy"
"-79.63","43.68","TORONTO INTL A","6158731","2026-05-05 05:00","2026","05","05","05:00","","16.4","","10.2","","66","","","","20","","21","","24.1","","97.84","","","","","","NA"
"-79.63","43.68","TORONTO INTL A","6158731","2026-05-05 06:00","2026","05","05","06:00","","16.3","","10.3","","67","","","","22","","17","","24.1","","97.91","","","","","","NA"
"-79.63","43.68","TORONTO INTL A","6158731","2026-05-05 07:00","2026","05","05","07:00","","16.2","","10.5","","68","","","","23","","18","","24.1","","97.95","","","","","","Mostly Cloudy"
"-79.63","43.68","TORONTO INTL A","6158731","2026-05-05 08:00","2026","05","05","08:00","","16.3","","10.8","","70","","","","25","","28","","24.1","","98.07","","","","","","NA"
"-79.63","43.68","TORONTO INTL A","6158731","2026-05-05 09:00","2026","05","05","09:00","","16.4","","10.7","","69","","","","28","","31","","24.1","","98.12","","","","","","NA"
"-79.63","43.68","TORONTO INTL A","6158731","2026-05-05 10:00","2026","05","05","10:00","","15.1","","9.7","","70","","","","27","","31","","20.9","","98.25","","","","","","Mostly Cloudy"
"-79.63","43.68","TORONTO INTL A","6158731","2026-05-05 11:00","2026","05","05","11:00","","15.1","","8.0","","62","","","","28","","28","","24.1","","98.36","","","","","","NA"
"-79.63","43.68","TORONTO INTL A","6158731","2026-05-05 12:00","2026","05","05","12:00","","16.2","","6.7","","53","","","","27","","26","","24.1","","98.35","","","","","","NA"
"-79.63","43.68","TORONTO INTL A","6158731","2026-05-05 13:00","2026","05","05","13:00","","15.0","","3.8","","47","","","","27","","32","","24.1","","98.46","","","","","","Cloudy"
"-79.63","43.68","TORONTO INTL A","6158731","2026-05-05 14:00","2026","05","05","14:00","","14.1","","4.0","","50","","","","28","","22","","24.1","","98.51","","","","","","Rain"
"-79.63","43.68","TORONTO INTL A","6158731","2026-05-05 15:00","2026","05","05","15:00","","11.3","","6.0","","70","","","","31","","26","","24.1","","98.62","","","","","","Rain"
"-79.63","43.68","TORONTO INTL A","6158731","2026-05-05 16:00","2026","05","05","16:00","","10.5","","6.1","","74","","","","29","","16","","24.1","","98.67","","","","","","Mostly Cloudy"
"-79.63","43.68","TORONTO INTL A","6158731","2026-05-05 17:00","2026","05","05","17:00","","10.3","","5.4","","72","","","","28","","16","","24.1","","98.71","","","","","","NA"
"-79.63","43.68","TORONTO INTL A","6158731","2026-05-05 18:00","2026","05","05","18:00","","10.4","","3.3","","61","","","","30","","13","","24.1","","98.67","","","","","","NA"
"-79.63","43.68","TORONTO INTL A","6158731","2026-05-05 19:00","2026","05","05","19:00","","10.7","","2.1","","55","","","","32","","7","","24.1","","98.71","","","","","","Mostly Cloudy"
"-79.63","43.68","TORONTO INTL A","6158731","2026-05-05 20:00","2026","05","05","20:00","","10.5","","2.4","","57","","","","11","","6","","24.1","","98.75","","","","","","NA"
"-79.63","43.68","TORONTO INTL A","6158731","2026-05-05 21:00","2026","05","05","21:00","","10.4","","3.5","","62","","","","15","","8","","24.1","","98.81","","","","","","NA"
"-79.63","43.68","TORONTO INTL A","6158731","2026-05-05 22:00","2026","05","05","22:00","","9.4","","5.7","","78","","","","14","","7","","24.1","","98.79","","","","","","Mostly Cloudy"
"-79.63","43.68","TORONTO INTL A","6158731","2026-05-05 23:00","2026","05","05","23:00","","8.7","","7.2","","90","","","","13","","6","","24.1","","98.81","","","","","","NA"
"-79.63","43.68","TORONTO INTL A","6158731","2026-05-06 00:00","2026","05","06","00:00","","8.6","","7.3","","92","","","","15","","9","","24.1","","98.84","","","","","","Rain"
"-79.63","43.68","TORONTO INTL A","6158731","2026-05-06 01:00","2026","05","06","01:00","","8.2","","7.4","","95","","","","14","","19","","12.9","","98.76","","","","","","Moderate Rain"
"-79.63","43.68","TORONTO INTL A","6158731","2026-05-06 02:00","2026","05","06","02:00","","7.4","","6.5","","94","","","","15","","16","","12.9","","98.75","","","","","","Rain"
"-79.63","43.68","TORONTO INTL A","6158731","2026-05-06 03:00","2026","05","06","03:00","","6.7","","5.9","","94","","","","15","","10","","16.1","","98.79","","","","","","NA"
"-79.63","43.68","TORONTO INTL A","6158731","2026-05-06 04:00","2026","05","06","04:00","","6.8","","6.0","","95","","","","13","","8","","12.9","","98.77","","","","","","Rain"
"-79.63","43.68","TORONTO INTL A","6158731","2026-05-06 05:00","2026","05","06","05:00","","6.4","","5.6","","94","","","","12","","11","","9.7","","98.73","","","","","","Rain,Fog"
"-79.63","43.68","TORONTO INTL A","6158731","2026-05-06 06:00","2026","05","06","06:00","","6.3","","5.5","","95","","","","11","","16","","9.7","","98.75","","","","","","Drizzle,Fog"
"-79.63","43.68","TORONTO INTL A","6158731","2026-05-06 07:00","2026","05","06","07:00","","6.3","","5.5","","95","","","","11","","10","","9.7","","98.80","","","","","","Drizzle,Fog"
"-79.63","43.68","TORONTO INTL A","6158731","2026-05-06 08:00","2026","05","06","08:00","","6.5","","5.2","","92","","","","10","","9","","12.9","","98.86","","","","","","Rain"
"-79.63","43.68","TORONTO INTL A","6158731","2026-05-06 09:00","2026","05","06","09:00","","6.7","","5.5","","92","","","","10","","7","","19.3","","98.87","","","","","","NA"
"-79.63","43.68","TORONTO INTL A","6158731","2026-05-06 10:00","2026","05","06","10:00","","7.1","","5.6","","90","","","","13","","13","","19.3","","98.87","","","","","","Cloudy"
"-79.63","43.68","TORONTO INTL A","6158731","2026-05-06 11:00","2026","05","06","11:00","","7.5","","6.3","","92","","","","11","","7","","9.7","","98.94","","","","","","Drizzle,Fog"
"-79.63","43.68","TORONTO INTL A","6158731","2026-05-06 12:00","2026","05","06","12:00","","6.0","","4.8","","92","","","","34","","20","","16.1","","98.97","","","","","","Drizzle"
"-79.63","43.68","TORONTO INTL A","6158731","2026-05-06 13:00","2026","05","06","13:00","","5.0","","2.9","","86","","","","35","","25","","19.3","","98.99","","","","","","Rain"
"-79.63","43.68","TORONTO INTL A","6158731","2026-05-06 14:00","2026","05","06","14:00","","5.7","","2.5","","79","","","","36","","14","","24.1","","99.01","","","","","","NA"
"-79.63","43.68","TORONTO INTL A","6158731","2026-05-06 15:00","2026","05","06","15:00","","7.1","","0.7","","64","","","","2","","17","","24.1","","99.00","","","","","","NA"
"-79.63","43.68","TORONTO INTL A","6158731","2026-05-06 16:00","2026","05","06","16:00","","8.0","","0.8","","60","","","","1","","12","","24.1","","98.98","","","","","","Mostly Cloudy"
"-79.63","43.68","TORONTO INTL A","6158731","2026-05-06 17:00","2026","05","06","17:00","","8.5","","0.0","","55","","","","2","","9","","24.1","","99.02","","","","","","NA"
"-79.63","43.68","TORONTO INTL A","6158731","2026-05-06 18:00","2026","05","06","18:00","","8.6","","-0.7","","52","","","","34","","10","","24.1","","99.09","","","","","","NA"
"-79.63","43.68","TORONTO INTL A","6158731","2026-05-06 19:00","2026","05","06","19:00","","8.0","","-3.6","","44","","","","29","","20","","24.1","","99.13","","","","","","Mostly Cloudy"
"-79.63","43.68","TORONTO INTL A","6158731","2026-05-06 20:00","2026","05","06","20:00","","7.1","","-4.7","","43","","","","28","","9","","24.1","","99.18","","","","","","NA"
"-79.63","43.68","TORONTO INTL A","6158731","2026-05-06 21:00","2026","05","06","21:00","","5.0","","-2.2","","60","","","","1","","9","","24.1","","99.22","","","","","","NA"
"-79.63","43.68","TORONTO INTL A","6158731","2026-05-06 22:00","2026","05","06","22:00","","4.7","","-2.6","","59","","","","36","","13","","24.1","","99.23","","","","","","Mainly Clear"
"-79.63","43.68","TORONTO INTL A","6158731","2026-05-06 23:00","2026","05","06","23:00","","4.2","","-3.0","","60","","","","36","","7","","24.1","","99.24","","","","","","NA"
"-79.63","43.68","TORONTO INTL A","6158731","2026-05-07 00:00","2026","05","07","00:00","","4.6","","-3.3","","56","","","","35","","6","","24.1","","99.22","","","","","","NA"
"-79.63","43.68","TORONTO INTL A","6158731","2026-05-07 01:00","2026","05","07","01:00","","4.8","","-3.6","","55","","","","35","","5","","24.1","","99.19","","","","","","Cloudy"
"-79.63","43.68","TORONTO INTL A","6158731","2026-05-07 02:00","2026","05","07","02:00","","5.0","","-3.2","","55","","","","32","","10","","24.1","","99.18","","","","","","NA"
"-79.63","43.68","TORONTO INTL A","6158731","2026-05-07 03:00","2026","05","07","03:00","","4.9","","-1.4","","64","","","","32","","22","","24.1","","99.17","","","","","","NA"
"-79.63","43.68","TORONTO INTL A","6158731","2026-05-07 04:00","2026","05","07","04:00","","4.4","","1.4","","81","","","","32","","23","","24.1","","99.16","","","","","","Rain"
"-79.63","43.68","TORONTO INTL A","6158731","2026-05-07 05:00","2026","05","07","05:00","","4.1","","0.9","","80","","","","30","","14","","24.1","","99.15","","","","","","NA"
"-79.63","43.68","TORONTO INTL A","6158731","2026-05-07 06:00","2026","05","07","06:00","","3.9","","0.8","","80","","","","28","","8","","24.1","","99.18","","","","","","NA"
"-79.63","43.68","TORONTO INTL A","6158731","2026-05-07 07:00","2026","05","07","07:00","","5.3","","0.8","","73","","","","","","0","","24.1","","99.18","","","","","","Mainly Clear"
"-79.63","43.68","TORONTO INTL A","6158731","2026-05-07 08:00","2026","05","07","08:00","","6.8","","1.7","","70","","","","30","","10","","24.1","","99.20","","","","","","NA"
"-79.63","43.68","TORONTO INTL A","6158731","2026-05-07 09:00","2026","05","07","09:00","","8.2","","2.1","","65","","","","19","","7","","24.1","","99.15","","","","","","NA"
"-79.63","43.68","TORONTO INTL A","6158731","2026-05-07 10:00","2026","05","07","10:00","","10.1","","0.9","","53","","","","29","","17","","24.1","","99.11","","","","","","Mostly Cloudy"
"-79.63","43.68","TORONTO INTL A","6158731","2026-05-07 11:00","2026","05","07","11:00","","9.9","","1.5","","56","","","","19","","14","","24.1","","99.06","","","","","","NA"
"-79.63","43.68","TORONTO INTL A","6158731","2026-05-07 12:00","2026","05","07","12:00","","8.8","","1.5","","60","","","","13","","14","","24.1","","99.03","","","","","","NA"
"-79.63","43.68","TORONTO INTL A","6158731","2026-05-07 13:00","2026","05","07","13:00","","10.9","","-0.8","","44","","","","27","","25","","24.1","","98.99","","","","","","Mostly Cloudy"
"-79.63","43.68","TORONTO INTL A","6158731","2026-05-07 14:00","2026","05","07","14:00","","10.7","","-0.8","","45","","","","28","","16","","24.1","","98.98","","","","","","NA"
"-79.63","43.68","TORONTO INTL A","6158731","2026-05-07 15:00","2026","05","07","15:00","","11.7","","-1.2","","41","","","","29","","18","","24.1","","98.93","","","","","","NA"
"-79.63","43.68","TORONTO INTL A","6158731","2026-05-07 16:00","2026","05","07","16:00","","10.7","","-0.4","","46","","","","27","","19","","24.1","","98.90","","","","","","Mostly Cloudy"
"-79.63","43.68","TORONTO INTL A","6158731","2026-05-07 17:00","2026","05","07","17:00","","10.2","","0.0","","49","","","","36","","21","","24.1","","98.93","","","","","","NA"
"-79.63","43.68","TORONTO INTL A","6158731","2026-05-07 18:00","2026","05","07","18:00","","9.0","","0.1","","54","","","","2","","7","","24.1","","98.97","","","","","","Rain Showers"
"-79.63","43.68","TORONTO INTL A","6158731","2026-05-07 19:00","2026","05","07","19:00","","7.2","","2.2","","70","","","","27","","13","","24.1","","99.01","","","","","","Rain"
"-79.63","43.68","TORONTO INTL A","6158731","2026-05-07 20:00","2026","05","07","20:00","","7.6","","0.2","","60","","","","28","","3","","24.1","","99.01","","","","","","NA"
"-79.63","43.68","TORONTO INTL A","6158731","2026-05-07 21:00","2026","05","07","21:00","","7.3","","1.3","","66","","","","21","","8","","24.1","","99.06","","","","","","NA"
"-79.63","43.68","TORONTO INTL A","6158731","2026-05-07 22:00","2026","05","07","22:00","","6.6","","-1.2","","57","","","","1","","13","","24.1","","99.09","","","","","","Mostly Cloudy"
"-79.63","43.68","TORONTO INTL A","6158731","2026-05-07 23:00","2026","05","07","23:00","","5.6","","-2.6","","55","","","","3","","9","","24.1","","99.08","","","","","","NA"
"-79.63","43.68","TORONTO INTL A","6158731","2026-05-08 00:00","2026","05","08","00:00","","5.5","","-2.6","","56","","","","3","","7","","24.1","","99.11","","","","","","NA"
"-79.63","43.68","TORONTO INTL A","6158731","2026-05-08 01:00","2026","05","08","01:00","","4.7","","-2.8","","58","","","","2","","5","","24.1","","99.07","","","","","","Mainly Clear"
"-79.63","43.68","TORONTO INTL A","6158731","2026-05-08 02:00","2026","05","08","02:00","","3.2","","-2.6","","66","","","","27","","7","","24.1","","99.05","","","","","","NA"
"-79.63","43.68","TORONTO INTL A","6158731","2026-05-08 03:00","2026","05","08","03:00","","4.5","","-2.4","","61","","","","24","","5","","24.1","","99.03","","","","","","NA"
"-79.63","43.68","TORONTO INTL A","6158731","2026-05-08 04:00","2026","05","08","04:00","","5.1","","-1.1","","64","","","","19","","8","","24.1","","99.00","","","","","","Cloudy"
"-79.63","43.68","TORONTO INTL A","6158731","2026-05-08 05:00","2026","05","08","05:00","","5.0","","0.1","","70","","","","26","","5","","24.1","","99.03","","","","","","NA"
"-79.63","43.68","TORONTO INTL A","6158731","2026-05-08 06:00","2026","05","08","06:00","","5.0","","-0.2","","69","","","","1","","24","","24.1","","99.08","","","","","","NA"
"-79.63","43.68","TORONTO INTL A","6158731","2026-05-08 07:00","2026","05","08","07:00","","3.6","","1.7","","87","","","","18","","13","","24.1","","99.06","","","","","","Mostly Cloudy"
"-79.63","43.68","TORONTO INTL A","6158731","2026-05-08 08:00","2026","05","08","08:00","","6.3","","1.8","","73","","","","","","0","","24.1","","99.12","","","","","","NA"
"-79.63","43.68","TORONTO INTL A","6158731","2026-05-08 09:00","2026","05","08","09:00","","8.2","","3.4","","71","","","","23","","4","","24.1","","99.11","","","","","","NA"
"-79.63","43.68","TORONTO INTL A","6158731","2026-05-08 10:00","2026","05","08","10:00","","9.7","","1.4","","56","","","","","","0","","24.1","","99.11","","","","","","Mainly Clear"
"-79.63","43.68","TORONTO INTL A","6158731","2026-05-08 11:00","2026","05","08","11:00","","9.6","","2.7","","62","","","","15","","14","","24.1","","99.09","","","","","","NA"
"-79.63","43.68","TORONTO INTL A","6158731","2026-05-08 12:00","2026","05","08","12:00","","9.5","","2.1","","60","","","","15","","21","","24.1","","99.03","","","","","","NA"
"-79.63","43.68","TORONTO INTL A","6158731","2026-05-08 13:00","2026","05","08","13:00","","10.3","","1.4","","54","","","","15","","22","","24.1","","98.97","","","","","","Mostly Cloudy"
"-79.63","43.68","TORONTO INTL A","6158731","2026-05-08 14:00","2026","05","08","14:00","","11.8","","-0.1","","44","","","","15","","24","","24.1","","98.92","","","","","","NA"
"-79.63","43.68","TORONTO INTL A","6158731","2026-05-08 15:00","2026","05","08","15:00","","12.0","","2.4","","52","","","","18","","22","","24.1","","98.87","","","","","","NA"
"-79.63","43.68","TORONTO INTL A","6158731","2026-05-08 16:00","2026","05","08","16:00","","12.2","","3.1","","53","","","","17","","15","","24.1","","98.83","","","","","","Mostly Cloudy"
"-79.63","43.68","TORONTO INTL A","6158731","2026-05-08 17:00","2026","05","08","17:00","","12.2","","2.2","","50","","","","14","","19","","24.1","","98.81","","","","","","NA"
"-79.63","43.68","TORONTO INTL A","6158731","2026-05-08 18:00","2026","05","08","18:00","","12.4","","0.0","","42","","","","16","","20","","24.1","","98.80","","","","","","NA"
"-79.63","43.68","TORONTO INTL A","6158731","2026-05-08 19:00","2026","05","08","19:00","","11.4","","-0.3","","44","","","","16","","18","","24.1","","98.81","","","","","","Mainly Clear"
"-79.63","43.68","TORONTO INTL A","6158731","2026-05-08 20:00","2026","05","08","20:00","","10.0","","-0.1","","49","","","","15","","10","","24.1","","98.84","","","","","","NA"
"-79.63","43.68","TORONTO INTL A","6158731","2026-05-08 21:00","2026","05","08","21:00","","8.8","","1.0","","58","","","","15","","10","","24.1","","98.86","","","","","","NA"
"-79.63","43.68","TORONTO INTL A","6158731","2026-05-08 22:00","2026","05","08","22:00","","8.3","","1.3","","61","","","","15","","8","","24.1","","98.84","","","","","","Mainly Clear"
"-79.63","43.68","TORONTO INTL A","6158731","2026-05-08 23:00","2026","05","08","23:00","","7.5","","1.7","","66","","","","14","","6","","24.1","","98.81","","","","","","NA"
"-79.63","43.68","TORONTO INTL A","6158731","2026-05-09 00:00","2026","05","09","00:00","","6.5","","1.8","","72","","","","10","","7","","24.1","","98.80","","","","","","NA"
"-79.63","43.68","TORONTO INTL A","6158731","2026-05-09 01:00","2026","05","09","01:00","","6.0","","2.2","","77","","","","14","","5","","24.1","","98.76","","","","","","Clear"
"-79.63","43.68","TORONTO INTL A","6158731","2026-05-09 02:00","2026","05","09","02:00","","5.8","","2.0","","77","","","","7","","5","","24.1","","98.67","","","","","","NA"
"-79.63","43.68","TORONTO INTL A","6158731","2026-05-09 03:00","2026","05","09","03:00","","5.5","","2.2","","79","","","","","","0","","24.1","","98.66","","","","","","NA"
"-79.63","43.68","TORONTO INTL A","6158731","2026-05-09 04:00","2026","05","09","04:00","","5.9","","2.0","","76","","","","8","","5","","24.1","","98.64","","","","","","Mainly Clear"
"-79.63","43.68","TORONTO INTL A","6158731","2026-05-09 05:00","2026","05","09","05:00","","6.1","","1.6","","73","","","","11","","7","","24.1","","98.61","","","","","","NA"
"-79.63","43.68","TORONTO INTL A","6158731","2026-05-09 06:00","2026","05","09","06:00","","7.0","","2.3","","72","","","","11","","5","","24.1","","98.60","","","","","","NA"
"-79.63","43.68","TORONTO INTL A","6158731","2026-05-09 07:00","2026","05","09","07:00","","8.8","","3.8","","70","","","","15","","7","","24.1","","98.59","","","","","","Mainly Clear"
"-79.63","43.68","TORONTO INTL A","6158731","2026-05-09 08:00","2026","05","09","08:00","","9.1","","5.2","","76","","","","15","","9","","24.1","","98.59","","","","","","NA"
"-79.63","43.68","TORONTO INTL A","6158731","2026-05-09 09:00","2026","05","09","09:00","","10.9","","7.3","","78","","","","15","","10","","19.3","","98.55","","","","","","NA"
"-79.63","43.68","TORONTO INTL A","6158731","2026-05-09 10:00","2026","05","09","10:00","","11.8","","8.2","","78","","","","18","","9","","19.3","","98.52","","","","","","Cloudy"
"-79.63","43.68","TORONTO INTL A","6158731","2026-05-09 11:00","2026","05","09","11:00","","14.6","","9.2","","70","","","","15","","21","","24.1","","98.43","","","","","","NA"
"-79.63","43.68","TORONTO INTL A","6158731","2026-05-09 12:00","2026","05","09","12:00","","16.0","","9.7","","66","","","","15","","19","","24.1","","98.38","","","","","","NA"
"-79.63","43.68","TORONTO INTL A","6158731","2026-05-09 13:00","2026","05","09","13:00","","15.1","","9.1","","67","","","","16","","18","","24.1","","98.26","","","","","","Mostly Cloudy"
"-79.63","43.68","TORONTO INTL A","6158731","2026-05-09 14:00","2026","05","09","14:00","","14.2","","8.1","","67","","","","15","","18","","19.3","","98.23","","","","","","NA"
"-79.63","43.68","TORONTO INTL A","6158731","2026-05-09 15:00","2026","05","09","15:00","","15.9","","9.2","","64","","","","16","","21","","24.1","","98.14","","","","","","NA"
"-79.63","43.68","TORONTO INTL A","6158731","2026-05-09 16:00","2026","05","09","16:00","","15.9","","9.4","","65","","","","18","","20","","24.1","","98.17","","","","","","Cloudy"
"-79.63","43.68","TORONTO INTL A","6158731","2026-05-09 17:00","2026","05","09","17:00","","12.1","","8.8","","80","","","","20","","28","","24.1","","98.13","","","","","","Rain Showers"
"-79.63","43.68","TORONTO INTL A","6158731","2026-05-09 18:00","2026","05","09","18:00","","14.2","","8.9","","70","","","","21","","25","","24.1","","98.16","","","","","","NA"
"-79.63","43.68","TORONTO INTL A","6158731","2026-05-09 19:00","2026","05","09","19:00","","12.8","","8.6","","75","","","","25","","21","","24.1","","98.30","","","","","","Rain Showers"
"-79.63","43.68","TORONTO INTL A","6158731","2026-05-09 20:00","2026","05","09","20:00","","11.4","","8.3","","81","","","","24","","13","","24.1","","98.35","","","","","","NA"
"-79.63","43.68","TORONTO INTL A","6158731","2026-05-09 21:00","2026","05","09","21:00","","11.8","","9.6","","86","","","","28","","17","","24.1","","98.50","","","","","","Rain Showers"
"-79.63","43.68","TORONTO INTL A","6158731","2026-05-09 22:00","2026","05","09","22:00","","10.4","","5.3","","70","","","","32","","18","","24.1","","98.57","","","","","","Mostly Cloudy"
"-79.63","43.68","TORONTO INTL A","6158731","2026-05-09 23:00","2026","05","09","23:00","","9.7","","2.9","","62","","","","31","","18","","24.1","","98.66","","","","","","NA"
"-79.63","43.68","TORONTO INTL A","6158731","2026-05-10 00:00","2026","05","10","00:00","","9.7","","1.7","","57","","","","30","","18","","24.1","","98.72","","","","","","NA"
"-79.63","43.68","TORONTO INTL A","6158731","2026-05-10 01:00","2026","05","10","01:00","","9.0","","0.6","","56","","","","29","","18","","24.1","","98.81","","","","","","Mostly Cloudy"
"-79.63","43.68","TORONTO INTL A","6158731","2026-05-10 02:00","2026","05","10","02:00","","7.5","","-0.9","","55","","","","30","","27","","24.1","","98.86","","","","","","NA"
"-79.63","43.68","TORONTO INTL A","6158731","2026-05-10 03:00","2026","05","10","03:00","","6.1","","-1.4","","59","","","","30","","24","","24.1","","98.91","","","","","","NA"
"-79.63","43.68","TORONTO INTL A","6158731","2026-05-10 04:00","2026","05","10","04:00","","5.2","","-1.1","","64","","","","31","","21","","24.1","","98.94","","","","","","Clear"
"-79.63","43.68","TORONTO INTL A","6158731","2026-05-10 05:00","2026","05","10","05:00","","5.1","","-1.3","","63","","","","30","","23","","24.1","","99.05","","","","","","NA"
"-79.63","43.68","TORONTO INTL A","6158731","2026-05-10 06:00","2026","05","10","06:00","","5.7","","-1.0","","62","","","","29","","26","","24.1","","99.19","","","","","","NA"
"-79.63","43.68","TORONTO INTL A","6158731","2026-05-10 07:00","2026","05","10","07:00","","6.7","","-1.0","","58","","","","29","","29","","24.1","","99.28","","","","","","Clear"
"-79.63","43.68","TORONTO INTL A","6158731","2026-05-10 08:00","2026","05","10","08:00","","8.1","","-1.5","","51","","","","29","","29","","24.1","","99.35","","","","","","NA"
"-79.63","43.68","TORONTO INTL A","6158731","2026-05-10 09:00","2026","05","10","09:00","","9.7","","-2.0","","44","","","","29","","28","","24.1","","99.40","","","","","","NA"
"-79.63","43.68","TORONTO INTL A","6158731","2026-05-10 10:00","2026","05","10","10:00","","10.9","","-2.6","","39","","","","31","","30","","24.1","","99.44","","","","","","Mainly Clear"
"-79.63","43.68","TORONTO INTL A","6158731","2026-05-10 11:00","2026","05","10","11:00","","12.1","","-0.8","","41","","","","28","","20","","24.1","","99.49","","","","","","NA"
"-79.63","43.68","TORONTO INTL A","6158731","2026-05-10 12:00","2026","05","10","12:00","","11.4","","-2.5","","38","","","","30","","28","","24.1","","99.51","","","","","","NA"
"-79.63","43.68","TORONTO INTL A","6158731","2026-05-10 13:00","2026","05","10","13:00","","12.1","","-1.9","","38","","","","27","","24","","24.1","","99.53","","","","","","Mostly Cloudy"
"-79.63","43.68","TORONTO INTL A","6158731","2026-05-10 14:00","2026","05","10","14:00","","12.1","","-2.0","","37","","","","27","","20","","24.1","","99.58","","","","","","NA"
"-79.63","43.68","TORONTO INTL A","6158731","2026-05-10 15:00","2026","05","10","15:00","","13.4","","-2.2","","34","","","","27","","29","","24.1","","99.62","","","","","","NA"
"-79.63","43.68","TORONTO INTL A","6158731","2026-05-10 16:00","2026","05","10","16:00","","13.2","","-2.9","","32","","","","31","","27","","24.1","","99.65","","","","","","Mostly Cloudy"
"-79.63","43.68","TORONTO INTL A","6158731","2026-05-10 17:00","2026","05","10","17:00","","12.9","","-5.1","","28","","","","30","","28","","24.1","","99.71","","","","","","NA"
"-79.63","43.68","TORONTO INTL A","6158731","2026-05-10 18:00","2026","05","10","18:00","","12.0","","-5.9","","28","","","","32","","34","","24.1","","99.74","","","","","","NA"
"-79.63","43.68","TORONTO INTL A","6158731","2026-05-10 19:00","2026","05","10","19:00","","10.7","","-4.9","","33","","","","29","","17","","24.1","","99.81","","","","","","Mainly Clear"
"-79.63","43.68","TORONTO INTL A","6158731","2026-05-10 20:00","2026","05","10","20:00","","9.5","","-4.3","","38","","","","28","","8","","24.1","","99.85","","","","","","NA"
"-79.63","43.68","TORONTO INTL A","6158731","2026-05-10 21:00","2026","05","10","21:00","","9.9","","-3.9","","38","","","","24","","6","","24.1","","99.87","","","","","","NA"
"-79.63","43.68","TORONTO INTL A","6158731","2026-05-10 22:00","2026","05","10","22:00","","9.1","","-3.3","","42","","","","1","","16","","24.1","","99.93","","","","","","Cloudy"
"-79.63","43.68","TORONTO INTL A","6158731","2026-05-10 23:00","2026","05","10","23:00","","8.4","","-3.2","","44","","","","1","","17","","24.1","","99.93","","","","","","NA"
"-79.63","43.68","TORONTO INTL A","6158731","2026-05-11 00:00","2026","05","11","00:00"
"-79.63","43.68","TORONTO INTL A","6158731","2026-05-11 01:00","2026","05","11","01:00"
"-79.63","43.68","TORONTO INTL A","6158731","2026-05-11 02:00","2026","05","11","02:00"
"-79.63","43.68","TORONTO INTL A","6158731","2026-05-11 03:00","2026","05","11","03:00"
"-79.63","43.68","TORONTO INTL A","6158731","2026-05-11 04:00","2026","05","11","04:00"
"-79.63","43.68","TORONTO INTL A","6158731","2026-05-11 05:00","2026","05","11","05:00"
"-79.63","43.68","TORONTO INTL A","6158731","2026-05-11 06:00","2026","05","11","06:00"
"-79.63","43.68","TORONTO INTL A","6158731","2026-05-11 07:00","2026","05","11","07:00"
"-79.63","43.68","TORONTO INTL A","6158731","2026-05-11 08:00","2026","05","11","08:00"
"-79.63","43.68","TORONTO INTL A","6158731","2026-05-11 09:00","2026","05","11","09:00"
"-79.63","43.68","TORONTO INTL A","6158731","2026-05-11 10:00","2026","05","11","10:00"
"-79.63","43.68","TORONTO INTL A","6158731","2026-05-11 11:00","2026","05","11","11:00"
"-79.63","43.68","TORONTO INTL A","6158731","2026-05-11 12:00","2026","05","11","12:00"
"-79.63","43.68","TORONTO INTL A","6158731","2026-05-11 13:00","2026","05","11","13:00"
"-79.63","43.68","TORONTO INTL A","6158731","2026-05-11 14:00","2026","05","11","14:00"
"-79.63","43.68","TORONTO INTL A","6158731","2026-05-11 15:00","2026","05","11","15:00"
"-79.63","43.68","TORONTO INTL A","6158731","2026-05-11 16:00","2026","05","11","16:00"
"-79.63","43.68","TORONTO INTL A","6158731","2026-05-11 17:00","2026","05","11","17:00"
"-79.63","43.68","TORONTO INTL A","6158731","2026-05-11 18:00","2026","05","11","18:00"
"-79.63","43.68","TORONTO INTL A","6158731","2026-05-11 19:00","2026","05","11","19:00"
"-79.63","43.68","TORONTO INTL A","6158731","2026-05-11 20:00","2026","05","11","20:00"
"-79.63","43.68","TORONTO INTL A","6158731","2026-05-11 21:00","2026","05","11","21:00"
"-79.63","43.68","TORONTO INTL A","6158731","2026-05-11 22:00","2026","05","11","22:00"
"-79.63","43.68","TORONTO INTL A","6158731","2026-05-11 23:00","2026","05","11","23:00"
"-79.63","43.68","TORONTO INTL A","6158731","2026-05-12 00:00","2026","05","12","00:00"
"-79.63","43.68","TORONTO INTL A","6158731","2026-05-12 01:00","2026","05","12","01:00"
"-79.63","43.68","TORONTO INTL A","6158731","2026-05-12 02:00","2026","05","12","02:00"
"-79.63","43.68","TORONTO INTL A","6158731","2026-05-12 03:00","2026","05","12","03:00"
"-79.63","43.68","TORONTO INTL A","6158731","2026-05-12 04:00","2026","05","12","04:00"
"-79.63","43.68","TORONTO INTL A","6158731","2026-05-12 05:00","2026","05","12","05:00"
"-79.63","43.68","TORONTO INTL A","6158731","2026-05-12 06:00","2026","05","12","06:00"
"-79.63","43.68","TORONTO INTL A","6158731","2026-05-12 07:00","2026","05","12","07:00"
"-79.63","43.68","TORONTO INTL A","6158731","2026-05-12 08:00","2026","05","12","08:00"
"-79.63","43.68","TORONTO INTL A","6158731","2026-05-12 09:00","2026","05","12","09:00"
"-79.63","43.68","TORONTO INTL A","6158731","2026-05-12 10:00","2026","05","12","10:00"
"-79.63","43.68","TORONTO INTL A","6158731","2026-05-12 11:00","2026","05","12","11:00"
"-79.63","43.68","TORONTO INTL A","6158731","2026-05-12 12:00","2026","05","12","12:00"
"-79.63","43.68","TORONTO INTL A","6158731","2026-05-12 13:00","2026","05","12","13:00"
"-79.63","43.68","TORONTO INTL A","6158731","2026-05-12 14:00","2026","05","12","14:00"
"-79.63","43.68","TORONTO INTL A","6158731","2026-05-12 15:00","2026","05","12","15:00"
"-79.63","43.68","TORONTO INTL A","6158731","2026-05-12 16:00","2026","05","12","16:00"
"-79.63","43.68","TORONTO INTL A","6158731","2026-05-12 17:00","2026","05","12","17:00"
"-79.63","43.68","TORONTO INTL A","6158731","2026-05-12 18:00","2026","05","12","18:00"
"-79.63","43.68","TORONTO INTL A","6158731","2026-05-12 19:00","2026","05","12","19:00"
"-79.63","43.68","TORONTO INTL A","6158731","2026-05-12 20:00","2026","05","12","20:00"
"-79.63","43.68","TORONTO INTL A","6158731","2026-05-12 21:00","2026","05","12","21:00"
"-79.63","43.68","TORONTO INTL A","6158731","2026-05-12 22:00","2026","05","12","22:00"
"-79.63","43.68","TORONTO INTL A","6158731","2026-05-12 23:00","2026","05","12","23:00"
"-79.63","43.68","TORONTO INTL A","6158731","2026-05-13 00:00","2026","05","13","00:00"
"-79.63","43.68","TORONTO INTL A","6158731","2026-05-13 01:00","2026","05","13","01:00"
"-79.63","43.68","TORONTO INTL A","6158731","2026-05-13 02:00","2026","05","13","02:00"
"-79.63","43.68","TORONTO INTL A","6158731","2026-05-13 03:00","2026","05","13","03:00"
"-79.63","43.68","TORONTO INTL A","6158731","2026-05-13 04:00","2026","05","13","04:00"
"-79.63","43.68","TORONTO INTL A","6158731","2026-05-13 05:00","2026","05","13","05:00"
"-79.63","43.68","TORONTO INTL A","6158731","2026-05-13 06:00","2026","05","13","06:00"
"-79.63","43.68","TORONTO INTL A","6158731","2026-05-13 07:00","2026","05","13","07:00"
"-79.63","43.68","TORONTO INTL A","6158731","2026-05-13 08:00","2026","05","13","08:00"
"-79.63","43.68","TORONTO INTL A","6158731","2026-05-13 09:00","2026","05","13","09:00"
"-79.63","43.68","TORONTO INTL A","6158731","2026-05-13 10:00","2026","05","13","10:00"
"-79.63","43.68","TORONTO INTL A","6158731","2026-05-13 11:00","2026","05","13","11:00"
"-79.63","43.68","TORONTO INTL A","6158731","2026-05-13 12:00","2026","05","13","12:00"
"-79.63","43.68","TORONTO INTL A","6158731","2026-05-13 13:00","2026","05","13","13:00"
"-79.63","43.68","TORONTO INTL A","6158731","2026-05-13 14:00","2026","05","13","14:00"
"-79.63","43.68","TORONTO INTL A","6158731","2026-05-13 15:00","2026","05","13","15:00"
"-79.63","43.68","TORONTO INTL A","6158731","2026-05-13 16:00","2026","05","13","16:00"
"-79.63","43.68","TORONTO INTL A","6158731","2026-05-13 17:00","2026","05","13","17:00"
"-79.63","43.68","TORONTO INTL A","6158731","2026-05-13 18:00","2026","05","13","18:00"
"-79.63","43.68","TORONTO INTL A","6158731","2026-05-13 19:00","2026","05","13","19:00"
"-79.63","43.68","TORONTO INTL A","6158731","2026-05-13 20:00","2026","05","13","20:00"
"-79.63","43.68","TORONTO INTL A","6158731","2026-05-13 21:00","2026","05","13","21:00"
"-79.63","43.68","TORONTO INTL A","6158731","2026-05-13 22:00","2026","05","13","22:00"
"-79.63","43.68","TORONTO INTL A","6158731","2026-05-13 23:00","2026","05","13","23:00"
"-79.63","43.68","TORONTO INTL A","6158731","2026-05-14 00:00","2026","05","14","00:00"
"-79.63","43.68","TORONTO INTL A","6158731","2026-05-14 01:00","2026","05","14","01:00"
"-79.63","43.68","TORONTO INTL A","6158731","2026-05-14 02:00","2026","05","14","02:00"
"-79.63","43.68","TORONTO INTL A","6158731","2026-05-14 03:00","2026","05","14","03:00"
"-79.63","43.68","TORONTO INTL A","6158731","2026-05-14 04:00","2026","05","14","04:00"
"-79.63","43.68","TORONTO INTL A","6158731","2026-05-14 05:00","2026","05","14","05:00"
"-79.63","43.68","TORONTO INTL A","6158731","2026-05-14 06:00","2026","05","14","06:00"
"-79.63","43.68","TORONTO INTL A","6158731","2026-05-14 07:00","2026","05","14","07:00"
"-79.63","43.68","TORONTO INTL A","6158731","2026-05-14 08:00","2026","05","14","08:00"
"-79.63","43.68","TORONTO INTL A","6158731","2026-05-14 09:00","2026","05","14","09:00"
"-79.63","43.68","TORONTO INTL A","6158731","2026-05-14 10:00","2026","05","14","10:00"
"-79.63","43.68","TORONTO INTL A","6158731","2026-05-14 11:00","2026","05","14","11:00"
"-79.63","43.68","TORONTO INTL A","6158731","2026-05-14 12:00","2026","05","14","12:00"
"-79.63","43.68","TORONTO INTL A","6158731","2026-05-14 13:00","2026","05","14","13:00"
"-79.63","43.68","TORONTO INTL A","6158731","2026-05-14 14:00","2026","05","14","14:00"
"-79.63","43.68","TORONTO INTL A","6158731","2026-05-14 15:00","2026","05","14","15:00"
"-79.63","43.68","TORONTO INTL A","6158731","2026-05-14 16:00","2026","05","14","16:00"
"-79.63","43.68","TORONTO INTL A","6158731","2026-05-14 17:00","2026","05","14","17:00"
"-79.63","43.68","TORONTO INTL A","6158731","2026-05-14 18:00","2026","05","14","18:00"
"-79.63","43.68","TORONTO INTL A","6158731","2026-05-14 19:00","2026","05","14","19:00"
"-79.63","43.68","TORONTO INTL A","6158731","2026-05-14 20:00","2026","05","14","20:00"
"-79.63","43.68","TORONTO INTL A","6158731","2026-05-14 21:00","2026","05","14","21:00"
"-79.63","43.68","TORONTO INTL A","6158731","2026-05-14 22:00","2026","05","14","22:00"
"-79.63","43.68","TORONTO INTL A","6158731","2026-05-14 23:00","2026","05","14","23:00"
"-79.63","43.68","TORONTO INTL A","6158731","2026-05-15 00:00","2026","05","15","00:00"
"-79.63","43.68","TORONTO INTL A","6158731","2026-05-15 01:00","2026","05","15","01:00"
"-79.63","43.68","TORONTO INTL A","6158731","2026-05-15 02:00","2026","05","15","02:00"
"-79.63","43.68","TORONTO INTL A","6158731","2026-05-15 03:00","2026","05","15","03:00"
"-79.63","43.68","TORONTO INTL A","6158731","2026-05-15 04:00","2026","05","15","04:00"
"-79.63","43.68","TORONTO INTL A","6158731","2026-05-15 05:00","2026","05","15","05:00"
"-79.63","43.68","TORONTO INTL A","6158731","2026-05-15 06:00","2026","05","15","06:00"
"-79.63","43.68","TORONTO INTL A","6158731","2026-05-15 07:00","2026","05","15","07:00"
"-79.63","43.68","TORONTO INTL A","6158731","2026-05-15 08:00","2026","05","15","08:00"
"-79.63","43.68","TORONTO INTL A","6158731","2026-05-15 09:00","2026","05","15","09:00"
"-79.63","43.68","TORONTO INTL A","6158731","2026-05-15 10:00","2026","05","15","10:00"
"-79.63","43.68","TORONTO INTL A","6158731","2026-05-15 11:00","2026","05","15","11:00"
"-79.63","43.68","TORONTO INTL A","6158731","2026-05-15 12:00","2026","05","15","12:00"
"-79.63","43.68","TORONTO INTL A","6158731","2026-05-15 13:00","2026","05","15","13:00"
"-79.63","43.68","TORONTO INTL A","6158731","2026-05-15 14:00","2026","05","15","14:00"
"-79.63","43.68","TORONTO INTL A","6158731","2026-05-15 15:00","2026","05","15","15:00"
"-79.63","43.68","TORONTO INTL A","6158731","2026-05-15 16:00","2026","05","15","16:00"
"-79.63","43.68","TORONTO INTL A","6158731","2026-05-15 17:00","2026","05","15","17:00"
"-79.63","43.68","TORONTO INTL A","6158731","2026-05-15 18:00","2026","05","15","18:00"
"-79.63","43.68","TORONTO INTL A","6158731","2026-05-15 19:00","2026","05","15","19:00"
"-79.63","43.68","TORONTO INTL A","6158731","2026-05-15 20:00","2026","05","15","20:00"
"-79.63","43.68","TORONTO INTL A","6158731","2026-05-15 21:00","2026","05","15","21:00"
"-79.63","43.68","TORONTO INTL A","6158731","2026-05-15 22:00","2026","05","15","22:00"
"-79.63","43.68","TORONTO INTL A","6158731","2026-05-15 23:00","2026","05","15","23:00"
"-79.63","43.68","TORONTO INTL A","6158731","2026-05-16 00:00","2026","05","16","00:00"
"-79.63","43.68","TORONTO INTL A","6158731","2026-05-16 01:00","2026","05","16","01:00"
"-79.63","43.68","TORONTO INTL A","6158731","2026-05-16 02:00","2026","05","16","02:00"
"-79.63","43.68","TORONTO INTL A","6158731","2026-05-16 03:00","2026","05","16","03:00"
"-79.63","43.68","TORONTO INTL A","6158731","2026-05-16 04:00","2026","05","16","04:00"
"-79.63","43.68","TORONTO INTL A","6158731","2026-05-16 05:00","2026","05","16","05:00"
"-79.63","43.68","TORONTO INTL A","6158731","2026-05-16 06:00","2026","05","16","06:00"
"-79.63","43.68","TORONTO INTL A","6158731","2026-05-16 07:00","2026","05","16","07:00"
"-79.63","43.68","TORONTO INTL A","6158731","2026-05-16 08:00","2026","05","16","08:00"
"-79.63","43.68","TORONTO INTL A","6158731","2026-05-16 09:00","2026","05","16","09:00"
"-79.63","43.68","TORONTO INTL A","6158731","2026-05-16 10:00","2026","05","16","10:00"
"-79.63","43.68","TORONTO INTL A","6158731","2026-05-16 11:00","2026","05","16","11:00"
"-79.63","43.68","TORONTO INTL A","6158731","2026-05-16 12:00","2026","05","16","12:00"
"-79.63","43.68","TORONTO INTL A","6158731","2026-05-16 13:00","2026","05","16","13:00"
"-79.63","43.68","TORONTO INTL A","6158731","2026-05-16 14:00","2026","05","16","14:00"
"-79.63","43.68","TORONTO INTL A","6158731","2026-05-16 15:00","2026","05","16","15:00"
"-79.63","43.68","TORONTO INTL A","6158731","2026-05-16 16:00","2026","05","16","16:00"
"-79.63","43.68","TORONTO INTL A","6158731","2026-05-16 17:00","2026","05","16","17:00"
"-79.63","43.68","TORONTO INTL A","6158731","2026-05-16 18:00","2026","05","16","18:00"
"-79.63","43.68","TORONTO INTL A","6158731","2026-05-16 19:00","2026","05","16","19:00"
"-79.63","43.68","TORONTO INTL A","6158731","2026-05-16 20:00","2026","05","16","20:00"
"-79.63","43.68","TORONTO INTL A","6158731","2026-05-16 21:00","2026","05","16","21:00"
"-79.63","43.68","TORONTO INTL A","6158731","2026-05-16 22:00","2026","05","16","22:00"
"-79.63","43.68","TORONTO INTL A","6158731","2026-05-16 23:00","2026","05","16","23:00"
"-79.63","43.68","TORONTO INTL A","6158731","2026-05-17 00:00","2026","05","17","00:00"
"-79.63","43.68","TORONTO INTL A","6158731","2026-05-17 01:00","2026","05","17","01:00"
"-79.63","43.68","TORONTO INTL A","6158731","2026-05-17 02:00","2026","05","17","02:00"
"-79.63","43.68","TORONTO INTL A","6158731","2026-05-17 03:00","2026","05","17","03:00"
"-79.63","43.68","TORONTO INTL A","6158731","2026-05-17 04:00","2026","05","17","04:00"
"-79.63","43.68","TORONTO INTL A","6158731","2026-05-17 05:00","2026","05","17","05:00"
"-79.63","43.68","TORONTO INTL A","6158731","2026-05-17 06:00","2026","05","17","06:00"
"-79.63","43.68","TORONTO INTL A","6158731","2026-05-17 07:00","2026","05","17","07:00"
"-79.63","43.68","TORONTO INTL A","6158731","2026-05-17 08:00","2026","05","17","08:00"
"-79.63","43.68","TORONTO INTL A","6158731","2026-05-17 09:00","2026","05","17","09:00"
"-79.63","43.68","TORONTO INTL A","6158731","2026-05-17 10:00","2026","05","17","10:00"
"-79.63","43.68","TORONTO INTL A","6158731","2026-05-17 11:00","2026","05","17","11:00"
"-79.63","43.68","TORONTO INTL A","6158731","2026-05-17 12:00","2026","05","17","12:00"
"-79.63","43.68","TORONTO INTL A","6158731","2026-05-17 13:00","2026","05","17","13:00"
"-79.63","43.68","TORONTO INTL A","6158731","2026-05-17 14:00","2026","05","17","14:00"
"-79.63","43.68","TORONTO INTL A","6158731","2026-05-17 15:00","2026","05","17","15:00"
"-79.63","43.68","TORONTO INTL A","6158731","2026-05-17 16:00","2026","05","17","16:00"
"-79.63","43.68","TORONTO INTL A","6158731","2026-05-17 17:00","2026","05","17","17:00"
"-79.63","43.68","TORONTO INTL A","6158731","2026-05-17 18:00","2026","05","17","18:00"
"-79.63","43.68","TORONTO INTL A","6158731","2026-05-17 19:00","2026","05","17","19:00"
"-79.63","43.68","TORONTO INTL A","6158731","2026-05-17 20:00","2026","05","17","20:00"
"-79.63","43.68","TORONTO INTL A","6158731","2026-05-17 21:00","2026","05","17","21:00"
"-79.63","43.68","TORONTO INTL A","6158731","2026-05-17 22:00","2026","05","17","22:00"
"-79.63","43.68","TORONTO INTL A","6158731","2026-05-17 23:00","2026","05","17","23:00"
"-79.63","43.68","TORONTO INTL A","6158731","2026-05-18 00:00","2026","05","18","00:00"
"-79.63","43.68","TORONTO INTL A","6158731","2026-05-18 01:00","2026","05","18","01:00"
"-79.63","43.68","TORONTO INTL A","6158731","2026-05-18 02:00","2026","05","18","02:00"
"-79.63","43.68","TORONTO INTL A","6158731","2026-05-18 03:00","2026","05","18","03:00"
"-79.63","43.68","TORONTO INTL A","6158731","2026-05-18 04:00","2026","05","18","04:00"
"-79.63","43.68","TORONTO INTL A","6158731","2026-05-18 05:00","2026","05","18","05:00"
"-79.63","43.68","TORONTO INTL A","6158731","2026-05-18 06:00","2026","05","18","06:00"
"-79.63","43.68","TORONTO INTL A","6158731","2026-05-18 07:00","2026","05","18","07:00"
"-79.63","43.68","TORONTO INTL A","6158731","2026-05-18 08:00","2026","05","18","08:00"
"-79.63","43.68","TORONTO INTL A","6158731","2026-05-18 09:00","2026","05","18","09:00"
"-79.63","43.68","TORONTO INTL A","6158731","2026-05-18 10:00","2026","05","18","10:00"
"-79.63","43.68","TORONTO INTL A","6158731","2026-05-18 11:00","2026","05","18","11:00"
"-79.63","43.68","TORONTO INTL A","6158731","2026-05-18 12:00","2026","05","18","12:00"
"-79.63","43.68","TORONTO INTL A","6158731","2026-05-18 13:00","2026","05","18","13:00"
"-79.63","43.68","TORONTO INTL A","6158731","2026-05-18 14:00","2026","05","18","14:00"
"-79.63","43.68","TORONTO INTL A","6158731","2026-05-18 15:00","2026","05","18","15:00"
"-79.63","43.68","TORONTO INTL A","6158731","2026-05-18 16:00","2026","05","18","16:00"
"-79.63","43.68","TORONTO INTL A","6158731","2026-05-18 17:00","2026","05","18","17:00"
"-79.63","43.68","TORONTO INTL A","6158731","2026-05-18 18:00","2026","05","18","18:00"
"-79.63","43.68","TORONTO INTL A","6158731","2026-05-18 19:00","2026","05","18","19:00"
"-79.63","43.68","TORONTO INTL A","6158731","2026-05-18 20:00","2026","05","18","20:00"
"-79.63","43.68","TORONTO INTL A","6158731","2026-05-18 21:00","2026","05","18","21:00"
"-79.63","43.68","TORONTO INTL A","6158731","2026-05-18 22:00","2026","05","18","22:00"
"-79.63","43.68","TORONTO INTL A","6158731","2026-05-18 23:00","2026","05","18","23:00"
"-79.63","43.68","TORONTO INTL A","6158731","2026-05-19 00:00","2026","05","19","00:00"
"-79.63","43.68","TORONTO INTL A","6158731","2026-05-19 01:00","2026","05","19","01:00"
"-79.63","43.68","TORONTO INTL A","6158731","2026-05-19 02:00","2026","05","19","02:00"
"-79.63","43.68","TORONTO INTL A","6158731","2026-05-19 03:00","2026","05","19","03:00"
"-79.63","43.68","TORONTO INTL A","6158731","2026-05-19 04:00","2026","05","19","04:00"
"-79.63","43.68","TORONTO INTL A","6158731","2026-05-19 05:00","2026","05","19","05:00"
"-79.63","43.68","TORONTO INTL A","6158731","2026-05-19 06:00","2026","05","19","06:00"
"-79.63","43.68","TORONTO INTL A","6158731","2026-05-19 07:00","2026","05","19","07:00"
"-79.63","43.68","TORONTO INTL A","6158731","2026-05-19 08:00","2026","05","19","08:00"
"-79.63","43.68","TORONTO INTL A","6158731","2026-05-19 09:00","2026","05","19","09:00"
"-79.63","43.68","TORONTO INTL A","6158731","2026-05-19 10:00","2026","05","19","10:00"
"-79.63","43.68","TORONTO INTL A","6158731","2026-05-19 11:00","2026","05","19","11:00"
"-79.63","43.68","TORONTO INTL A","6158731","2026-05-19 12:00","2026","05","19","12:00"
"-79.63","43.68","TORONTO INTL A","6158731","2026-05-19 13:00","2026","05","19","13:00"
"-79.63","43.68","TORONTO INTL A","6158731","2026-05-19 14:00","2026","05","19","14:00"
"-79.63","43.68","TORONTO INTL A","6158731","2026-05-19 15:00","2026","05","19","15:00"
"-79.63","43.68","TORONTO INTL A","6158731","2026-05-19 16:00","2026","05","19","16:00"
"-79.63","43.68","TORONTO INTL A","6158731","2026-05-19 17:00","2026","05","19","17:00"
"-79.63","43.68","TORONTO INTL A","6158731","2026-05-19 18:00","2026","05","19","18:00"
"-79.63","43.68","TORONTO INTL A","6158731","2026-05-19 19:00","2026","05","19","19:00"
"-79.63","43.68","TORONTO INTL A","6158731","2026-05-19 20:00","2026","05","19","20:00"
"-79.63","43.68","TORONTO INTL A","6158731","2026-05-19 21:00","2026","05","19","21:00"
"-79.63","43.68","TORONTO INTL A","6158731","2026-05-19 22:00","2026","05","19","22:00"
"-79.63","43.68","TORONTO INTL A","6158731","2026-05-19 23:00","2026","05","19","23:00"
"-79.63","43.68","TORONTO INTL A","6158731","2026-05-20 00:00","2026","05","20","00:00"
"-79.63","43.68","TORONTO INTL A","6158731","2026-05-20 01:00","2026","05","20","01:00"
"-79.63","43.68","TORONTO INTL A","6158731","2026-05-20 02:00","2026","05","20","02:00"
"-79.63","43.68","TORONTO INTL A","6158731","2026-05-20 03:00","2026","05","20","03:00"
"-79.63","43.68","TORONTO INTL A","6158731","2026-05-20 04:00","2026","05","20","04:00"
"-79.63","43.68","TORONTO INTL A","6158731","2026-05-20 05:00","2026","05","20","05:00"
"-79.63","43.68","TORONTO INTL A","6158731","2026-05-20 06:00","2026","05","20","06:00"
"-79.63","43.68","TORONTO INTL A","6158731","2026-05-20 07:00","2026","05","20","07:00"
"-79.63","43.68","TORONTO INTL A","6158731","2026-05-20 08:00","2026","05","20","08:00"
"-79.63","43.68","TORONTO INTL A","6158731","2026-05-20 09:00","2026","05","20","09:00"
"-79.63","43.68","TORONTO INTL A","6158731","2026-05-20 10:00","2026","05","20","10:00"
"-79.63","43.68","TORONTO INTL A","6158731","2026-05-20 11:00","2026","05","20","11:00"
"-79.63","43.68","TORONTO INTL A","6158731","2026-05-20 12:00","2026","05","20","12:00"
"-79.63","43.68","TORONTO INTL A","6158731","2026-05-20 13:00","2026","05","20","13:00"
"-79.63","43.68","TORONTO INTL A","6158731","2026-05-20 14:00","2026","05","20","14:00"
"-79.63","43.68","TORONTO INTL A","6158731","2026-05-20 15:00","2026","05","20","15:00"
"-79.63","43.68","TORONTO INTL A","6158731","2026-05-20 16:00","2026","05","20","16:00"
"-79.63","43.68","TORONTO INTL A","6158731","2026-05-20 17:00","2026","05","20","17:00"
"-79.63","43.68","TORONTO INTL A","6158731","2026-05-20 18:00","2026","05","20","18:00"
"-79.63","43.68","TORONTO INTL A","6158731","2026-05-20 19:00","2026","05","20","19:00"
"-79.63","43.68","TORONTO INTL A","6158731","2026-05-20 20:00","2026","05","20","20:00"
"-79.63","43.68","TORONTO INTL A","6158731","2026-05-20 21:00","2026","05","20","21:00"
"-79.63","43.68","TORONTO INTL A","6158731","2026-05-20 22:00","2026","05","20","22:00"
"-79.63","43.68","TORONTO INTL A","6158731","2026-05-20 23:00","2026","05","20","23:00"
"-79.63","43.68","TORONTO INTL A","6158731","2026-05-21 00:00","2026","05","21","00:00"
"-79.63","43.68","TORONTO INTL A","6158731","2026-05-21 01:00","2026","05","21","01:00"
"-79.63","43.68","TORONTO INTL A","6158731","2026-05-21 02:00","2026","05","21","02:00"
"-79.63","43.68","TORONTO INTL A","6158731","2026-05-21 03:00","2026","05","21","03:00"
"-79.63","43.68","TORONTO INTL A","6158731","2026-05-21 04:00","2026","05","21","04:00"
"-79.63","43.68","TORONTO INTL A","6158731","2026-05-21 05:00","2026","05","21","05:00"
"-79.63","43.68","TORONTO INTL A","6158731","2026-05-21 06:00","2026","05","21","06:00"
"-79.63","43.68","TORONTO INTL A","6158731","2026-05-21 07:00","2026","05","21","07:00"
"-79.63","43.68","TORONTO INTL A","6158731","2026-05-21 08:00","2026","05","21","08:00"
"-79.63","43.68","TORONTO INTL A","6158731","2026-05-21 09:00","2026","05","21","09:00"
"-79.63","43.68","TORONTO INTL A","6158731","2026-05-21 10:00","2026","05","21","10:00"
"-79.63","43.68","TORONTO INTL A","6158731","2026-05-21 11:00","2026","05","21","11:00"
"-79.63","43.68","TORONTO INTL A","6158731","2026-05-21 12:00","2026","05","21","12:00"
"-79.63","43.68","TORONTO INTL A","6158731","2026-05-21 13:00","2026","05","21","13:00"
"-79.63","43.68","TORONTO INTL A","6158731","2026-05-21 14:00","2026","05","21","14:00"
"-79.63","43.68","TORONTO INTL A","6158731","2026-05-21 15:00","2026","05","21","15:00"
"-79.63","43.68","TORONTO INTL A","6158731","2026-05-21 16:00","2026","05","21","16:00"
"-79.63","43.68","TORONTO INTL A","6158731","2026-05-21 17:00","2026","05","21","17:00"
"-79.63","43.68","TORONTO INTL A","6158731","2026-05-21 18:00","2026","05","21","18:00"
"-79.63","43.68","TORONTO INTL A","6158731","2026-05-21 19:00","2026","05","21","19:00"
"-79.63","43.68","TORONTO INTL A","6158731","2026-05-21 20:00","2026","05","21","20:00"
"-79.63","43.68","TORONTO INTL A","6158731","2026-05-21 21:00","2026","05","21","21:00"
"-79.63","43.68","TORONTO INTL A","6158731","2026-05-21 22:00","2026","05","21","22:00"
"-79.63","43.68","TORONTO INTL A","6158731","2026-05-21 23:00","2026","05","21","23:00"
"-79.63","43.68","TORONTO INTL A","6158731","2026-05-22 00:00","2026","05","22","00:00"
"-79.63","43.68","TORONTO INTL A","6158731","2026-05-22 01:00","2026","05","22","01:00"
"-79.63","43.68","TORONTO INTL A","6158731","2026-05-22 02:00","2026","05","22","02:00"
"-79.63","43.68","TORONTO INTL A","6158731","2026-05-22 03:00","2026","05","22","03:00"
"-79.63","43.68","TORONTO INTL A","6158731","2026-05-22 04:00","2026","05","22","04:00"
"-79.63","43.68","TORONTO INTL A","6158731","2026-05-22 05:00","2026","05","22","05:00"
"-79.63","43.68","TORONTO INTL A","6158731","2026-05-22 06:00","2026","05","22","06:00"
"-79.63","43.68","TORONTO INTL A","6158731","2026-05-22 07:00","2026","05","22","07:00"
"-79.63","43.68","TORONTO INTL A","6158731","2026-05-22 08:00","2026","05","22","08:00"
"-79.63","43.68","TORONTO INTL A","6158731","2026-05-22 09:00","2026","05","22","09:00"
"-79.63","43.68","TORONTO INTL A","6158731","2026-05-22 10:00","2026","05","22","10:00"
"-79.63","43.68","TORONTO INTL A","6158731","2026-05-22 11:00","2026","05","22","11:00"
"-79.63","43.68","TORONTO INTL A","6158731","2026-05-22 12:00","2026","05","22","12:00"
"-79.63","43.68","TORONTO INTL A","6158731","2026-05-22 13:00","2026","05","22","13:00"
"-79.63","43.68","TORONTO INTL A","6158731","2026-05-22 14:00","2026","05","22","14:00"
"-79.63","43.68","TORONTO INTL A","6158731","2026-05-22 15:00","2026","05","22","15:00"
"-79.63","43.68","TORONTO INTL A","6158731","2026-05-22 16:00","2026","05","22","16:00"
"-79.63","43.68","TORONTO INTL A","6158731","2026-05-22 17:00","2026","05","22","17:00"
"-79.63","43.68","TORONTO INTL A","6158731","2026-05-22 18:00","2026","05","22","18:00"
"-79.63","43.68","TORONTO INTL A","6158731","2026-05-22 19:00","2026","05","22","19:00"
"-79.63","43.68","TORONTO INTL A","6158731","2026-05-22 20:00","2026","05","22","20:00"
"-79.63","43.68","TORONTO INTL A","6158731","2026-05-22 21:00","2026","05","22","21:00"
"-79.63","43.68","TORONTO INTL A","6158731","2026-05-22 22:00","2026","05","22","22:00"
"-79.63","43.68","TORONTO INTL A","6158731","2026-05-22 23:00","2026","05","22","23:00"
"-79.63","43.68","TORONTO INTL A","6158731","2026-05-23 00:00","2026","05","23","00:00"
"-79.63","43.68","TORONTO INTL A","6158731","2026-05-23 01:00","2026","05","23","01:00"
"-79.63","43.68","TORONTO INTL A","6158731","2026-05-23 02:00","2026","05","23","02:00"
"-79.63","43.68","TORONTO INTL A","6158731","2026-05-23 03:00","2026","05","23","03:00"
"-79.63","43.68","TORONTO INTL A","6158731","2026-05-23 04:00","2026","05","23","04:00"
"-79.63","43.68","TORONTO INTL A","6158731","2026-05-23 05:00","2026","05","23","05:00"
"-79.63","43.68","TORONTO INTL A","6158731","2026-05-23 06:00","2026","05","23","06:00"
"-79.63","43.68","TORONTO INTL A","6158731","2026-05-23 07:00","2026","05","23","07:00"
"-79.63","43.68","TORONTO INTL A","6158731","2026-05-23 08:00","2026","05","23","08:00"
"-79.63","43.68","TORONTO INTL A","6158731","2026-05-23 09:00","2026","05","23","09:00"
"-79.63","43.68","TORONTO INTL A","6158731","2026-05-23 10:00","2026","05","23","10:00"
"-79.63","43.68","TORONTO INTL A","6158731","2026-05-23 11:00","2026","05","23","11:00"
"-79.63","43.68","TORONTO INTL A","6158731","2026-05-23 12:00","2026","05","23","12:00"
"-79.63","43.68","TORONTO INTL A","6158731","2026-05-23 13:00","2026","05","23","13:00"
"-79.63","43.68","TORONTO INTL A","6158731","2026-05-23 14:00","2026","05","23","14:00"
"-79.63","43.68","TORONTO INTL A","6158731","2026-05-23 15:00","2026","05","23","15:00"
"-79.63","43.68","TORONTO INTL A","6158731","2026-05-23 16:00","2026","05","23","16:00"
"-79.63","43.68","TORONTO INTL A","6158731","2026-05-23 17:00","2026","05","23","17:00"
"-79.63","43.68","TORONTO INTL A","6158731","2026-05-23 18:00","2026","05","23","18:00"
"-79.63","43.68","TORONTO INTL A","6158731","2026-05-23 19:00","2026","05","23","19:00"
"-79.63","43.68","TORONTO INTL A","6158731","2026-05-23 20:00","2026","05","23","20:00"
"-79.63","43.68","TORONTO INTL A","6158731","2026-05-23 21:00","2026","05","23","21:00"
"-79.63","43.68","TORONTO INTL A","6158731","2026-05-23 22:00","2026","05","23","22:00"
"-79.63","43.68","TORONTO INTL A","6158731","2026-05-23 23:00","2026","05","23","23:00"
"-79.63","43.68","TORONTO INTL A","6158731","2026-05-24 00:00","2026","05","24","00:00"
"-79.63","43.68","TORONTO INTL A","6158731","2026-05-24 01:00","2026","05","24","01:00"
"-79.63","43.68","TORONTO INTL A","6158731","2026-05-24 02:00","2026","05","24","02:00"
"-79.63","43.68","TORONTO INTL A","6158731","2026-05-24 03:00","2026","05","24","03:00"
"-79.63","43.68","TORONTO INTL A","6158731","2026-05-24 04:00","2026","05","24","04:00"
"-79.63","43.68","TORONTO INTL A","6158731","2026-05-24 05:00","2026","05","24","05:00"
"-79.63","43.68","TORONTO INTL A","6158731","2026-05-24 06:00","2026","05","24","06:00"
"-79.63","43.68","TORONTO INTL A","6158731","2026-05-24 07:00","2026","05","24","07:00"
"-79.63","43.68","TORONTO INTL A","6158731","2026-05-24 08:00","2026","05","24","08:00"
"-79.63","43.68","TORONTO INTL A","6158731","2026-05-24 09:00","2026","05","24","09:00"
"-79.63","43.68","TORONTO INTL A","6158731","2026-05-24 10:00","2026","05","24","10:00"
"-79.63","43.68","TORONTO INTL A","6158731","2026-05-24 11:00","2026","05","24","11:00"
"-79.63","43.68","TORONTO INTL A","6158731","2026-05-24 12:00","2026","05","24","12:00"
"-79.63","43.68","TORONTO INTL A","6158731","2026-05-24 13:00","2026","05","24","13:00"
"-79.63","43.68","TORONTO INTL A","6158731","2026-05-24 14:00","2026","05","24","14:00"
"-79.63","43.68","TORONTO INTL A","6158731","2026-05-24 15:00","2026","05","24","15:00"
"-79.63","43.68","TORONTO INTL A","6158731","2026-05-24 16:00","2026","05","24","16:00"
"-79.63","43.68","TORONTO INTL A","6158731","2026-05-24 17:00","2026","05","24","17:00"
"-79.63","43.68","TORONTO INTL A","6158731","2026-05-24 18:00","2026","05","24","18:00"
"-79.63","43.68","TORONTO INTL A","6158731","2026-05-24 19:00","2026","05","24","19:00"
"-79.63","43.68","TORONTO INTL A","6158731","2026-05-24 20:00","2026","05","24","20:00"
"-79.63","43.68","TORONTO INTL A","6158731","2026-05-24 21:00","2026","05","24","21:00"
"-79.63","43.68","TORONTO INTL A","6158731","2026-05-24 22:00","2026","05","24","22:00"
"-79.63","43.68","TORONTO INTL A","6158731","2026-05-24 23:00","2026","05","24","23:00"
"-79.63","43.68","TORONTO INTL A","6158731","2026-05-25 00:00","2026","05","25","00:00"
"-79.63","43.68","TORONTO INTL A","6158731","2026-05-25 01:00","2026","05","25","01:00"
"-79.63","43.68","TORONTO INTL A","6158731","2026-05-25 02:00","2026","05","25","02:00"
"-79.63","43.68","TORONTO INTL A","6158731","2026-05-25 03:00","2026","05","25","03:00"
"-79.63","43.68","TORONTO INTL A","6158731","2026-05-25 04:00","2026","05","25","04:00"
"-79.63","43.68","TORONTO INTL A","6158731","2026-05-25 05:00","2026","05","25","05:00"
"-79.63","43.68","TORONTO INTL A","6158731","2026-05-25 06:00","2026","05","25","06:00"
"-79.63","43.68","TORONTO INTL A","6158731","2026-05-25 07:00","2026","05","25","07:00"
"-79.63","43.68","TORONTO INTL A","6158731","2026-05-25 08:00","2026","05","25","08:00"
"-79.63","43.68","TORONTO INTL A","6158731","2026-05-25 09:00","2026","05","25","09:00"
"-79.63","43.68","TORONTO INTL A","6158731","2026-05-25 10:00","2026","05","25","10:00"
"-79.63","43.68","TORONTO INTL A","6158731","2026-05-25 11:00","2026","05","25","11:00"
"-79.63","43.68","TORONTO INTL A","6158731","2026-05-25 12:00","2026","05","25","12:00"
"-79.63","43.68","TORONTO INTL A","6158731","2026-05-25 13:00","2026","05","25","13:00"
"-79.63","43.68","TORONTO INTL A","6158731","2026-05-25 14:00","2026","05","25","14:00"
"-79.63","43.68","TORONTO INTL A","6158731","2026-05-25 15:00","2026","05","25","15:00"
"-79.63","43.68","TORONTO INTL A","6158731","2026-05-25 16:00","2026","05","25","16:00"
"-79.63","43.68","TORONTO INTL A","6158731","2026-05-25 17:00","2026","05","25","17:00"
"-79.63","43.68","TORONTO INTL A","6158731","2026-05-25 18:00","2026","05","25","18:00"
"-79.63","43.68","TORONTO INTL A","6158731","2026-05-25 19:00","2026","05","25","19:00"
"-79.63","43.68","TORONTO INTL A","6158731","2026-05-25 20:00","2026","05","25","20:00"
"-79.63","43.68","TORONTO INTL A","6158731","2026-05-25 21:00","2026","05","25","21:00"
"-79.63","43.68","TORONTO INTL A","6158731","2026-05-25 22:00","2026","05","25","22:00"
"-79.63","43.68","TORONTO INTL A","6158731","2026-05-25 23:00","2026","05","25","23:00"
"-79.63","43.68","TORONTO INTL A","6158731","2026-05-26 00:00","2026","05","26","00:00"
"-79.63","43.68","TORONTO INTL A","6158731","2026-05-26 01:00","2026","05","26","01:00"
"-79.63","43.68","TORONTO INTL A","6158731","2026-05-26 02:00","2026","05","26","02:00"
"-79.63","43.68","TORONTO INTL A","6158731","2026-05-26 03:00","2026","05","26","03:00"
"-79.63","43.68","TORONTO INTL A","6158731","2026-05-26 04:00","2026","05","26","04:00"
"-79.63","43.68","TORONTO INTL A","6158731","2026-05-26 05:00","2026","05","26","05:00"
"-79.63","43.68","TORONTO INTL A","6158731","2026-05-26 06:00","2026","05","26","06:00"
"-79.63","43.68","TORONTO INTL A","6158731","2026-05-26 07:00","2026","05","26","07:00"
"-79.63","43.68","TORONTO INTL A","6158731","2026-05-26 08:00","2026","05","26","08:00"
"-79.63","43.68","TORONTO INTL A","6158731","2026-05-26 09:00","2026","05","26","09:00"
"-79.63","43.68","TORONTO INTL A","6158731","2026-05-26 10:00","2026","05","26","10:00"
"-79.63","43.68","TORONTO INTL A","6158731","2026-05-26 11:00","2026","05","26","11:00"
"-79.63","43.68","TORONTO INTL A","6158731","2026-05-26 12:00","2026","05","26","12:00"
"-79.63","43.68","TORONTO INTL A","6158731","2026-05-26 13:00","2026","05","26","13:00"
"-79.63","43.68","TORONTO INTL A","6158731","2026-05-26 14:00","2026","05","26","14:00"
"-79.63","43.68","TORONTO INTL A","6158731","2026-05-26 15:00","2026","05","26","15:00"
"-79.63","43.68","TORONTO INTL A","6158731","2026-05-26 16:00","2026","05","26","16:00"
"-79.63","43.68","TORONTO INTL A","6158731","2026-05-26 17:00","2026","05","26","17:00"
"-79.63","43.68","TORONTO INTL A","6158731","2026-05-26 18:00","2026","05","26","18:00"
"-79.63","43.68","TORONTO INTL A","6158731","2026-05-26 19:00","2026","05","26","19:00"
"-79.63","43.68","TORONTO INTL A","6158731","2026-05-26 20:00","2026","05","26","20:00"
"-79.63","43.68","TORONTO INTL A","6158731","2026-05-26 21:00","2026","05","26","21:00"
"-79.63","43.68","TORONTO INTL A","6158731","2026-05-26 22:00","2026","05","26","22:00"
"-79.63","43.68","TORONTO INTL A","6158731","2026-05-26 23:00","2026","05","26","23:00"
"-79.63","43.68","TORONTO INTL A","6158731","2026-05-27 00:00","2026","05","27","00:00"
"-79.63","43.68","TORONTO INTL A","6158731","2026-05-27 01:00","2026","05","27","01:00"
"-79.63","43.68","TORONTO INTL A","6158731","2026-05-27 02:00","2026","05","27","02:00"
"-79.63","43.68","TORONTO INTL A","6158731","2026-05-27 03:00","2026","05","27","03:00"
"-79.63","43.68","TORONTO INTL A","6158731","2026-05-27 04:00","2026","05","27","04:00"
"-79.63","43.68","TORONTO INTL A","6158731","2026-05-27 05:00","2026","05","27","05:00"
"-79.63","43.68","TORONTO INTL A","6158731","2026-05-27 06:00","2026","05","27","06:00"
"-79.63","43.68","TORONTO INTL A","6158731","2026-05-27 07:00","2026","05","27","07:00"
"-79.63","43.68","TORONTO INTL A","6158731","2026-05-27 08:00","2026","05","27","08:00"
"-79.63","43.68","TORONTO INTL A","6158731","2026-05-27 09:00","2026","05","27","09:00"
"-79.63","43.68","TORONTO INTL A","6158731","2026-05-27 10:00","2026","05","27","10:00"
"-79.63","43.68","TORONTO INTL A","6158731","2026-05-27 11:00","2026","05","27","11:00"
"-79.63","43.68","TORONTO INTL A","6158731","2026-05-27 12:00","2026","05","27","12:00"
"-79.63","43.68","TORONTO INTL A","6158731","2026-05-27 13:00","2026","05","27","13:00"
"-79.63","43.68","TORONTO INTL A","6158731","2026-05-27 14:00","2026","05","27","14:00"
"-79.63","43.68","TORONTO INTL A","6158731","2026-05-27 15:00","2026","05","27","15:00"
"-79.63","43.68","TORONTO INTL A","6158731","2026-05-27 16:00","2026","05","27","16:00"
"-79.63","43.68","TORONTO INTL A","6158731","2026-05-27 17:00","2026","05","27","17:00"
"-79.63","43.68","TORONTO INTL A","6158731","2026-05-27 18:00","2026","05","27","18:00"
"-79.63","43.68","TORONTO INTL A","6158731","2026-05-27 19:00","2026","05","27","19:00"
"-79.63","43.68","TORONTO INTL A","6158731","2026-05-27 20:00","2026","05","27","20:00"
"-79.63","43.68","TORONTO INTL A","6158731","2026-05-27 21:00","2026","05","27","21:00"
"-79.63","43.68","TORONTO INTL A","6158731","2026-05-27 22:00","2026","05","27","22:00"
"-79.63","43.68","TORONTO INTL A","6158731","2026-05-27 23:00","2026","05","27","23:00"
"-79.63","43.68","TORONTO INTL A","6158731","2026-05-28 00:00","2026","05","28","00:00"
"-79.63","43.68","TORONTO INTL A","6158731","2026-05-28 01:00","2026","05","28","01:00"
"-79.63","43.68","TORONTO INTL A","6158731","2026-05-28 02:00","2026","05","28","02:00"
"-79.63","43.68","TORONTO INTL A","6158731","2026-05-28 03:00","2026","05","28","03:00"
"-79.63","43.68","TORONTO INTL A","6158731","2026-05-28 04:00","2026","05","28","04:00"
"-79.63","43.68","TORONTO INTL A","6158731","2026-05-28 05:00","2026","05","28","05:00"
"-79.63","43.68","TORONTO INTL A","6158731","2026-05-28 06:00","2026","05","28","06:00"
"-79.63","43.68","TORONTO INTL A","6158731","2026-05-28 07:00","2026","05","28","07:00"
"-79.63","43.68","TORONTO INTL A","6158731","2026-05-28 08:00","2026","05","28","08:00"
"-79.63","43.68","TORONTO INTL A","6158731","2026-05-28 09:00","2026","05","28","09:00"
"-79.63","43.68","TORONTO INTL A","6158731","2026-05-28 10:00","2026","05","28","10:00"
"-79.63","43.68","TORONTO INTL A","6158731","2026-05-28 11:00","2026","05","28","11:00"
"-79.63","43.68","TORONTO INTL A","6158731","2026-05-28 12:00","2026","05","28","12:00"
"-79.63","43.68","TORONTO INTL A","6158731","2026-05-28 13:00","2026","05","28","13:00"
"-79.63","43.68","TORONTO INTL A","6158731","2026-05-28 14:00","2026","05","28","14:00"
"-79.63","43.68","TORONTO INTL A","6158731","2026-05-28 15:00","2026","05","28","15:00"
"-79.63","43.68","TORONTO INTL A","6158731","2026-05-28 16:00","2026","05","28","16:00"
"-79.63","43.68","TORONTO INTL A","6158731","2026-05-28 17:00","2026","05","28","17:00"
"-79.63","43.68","TORONTO INTL A","6158731","2026-05-28 18:00","2026","05","28","18:00"
"-79.63","43.68","TORONTO INTL A","6158731","2026-05-28 19:00","2026","05","28","19:00"
"-79.63","43.68","TORONTO INTL A","6158731","2026-05-28 20:00","2026","05","28","20:00"
"-79.63","43.68","TORONTO INTL A","6158731","2026-05-28 21:00","2026","05","28","21:00"
"-79.63","43.68","TORONTO INTL A","6158731","2026-05-28 22:00","2026","05","28","22:00"
"-79.63","43.68","TORONTO INTL A","6158731","2026-05-28 23:00","2026","05","28","23:00"
"-79.63","43.68","TORONTO INTL A","6158731","2026-05-29 00:00","2026","05","29","00:00"
"-79.63","43.68","TORONTO INTL A","6158731","2026-05-29 01:00","2026","05","29","01:00"
"-79.63","43.68","TORONTO INTL A","6158731","2026-05-29 02:00","2026","05","29","02:00"
"-79.63","43.68","TORONTO INTL A","6158731","2026-05-29 03:00","2026","05","29","03:00"
"-79.63","43.68","TORONTO INTL A","6158731","2026-05-29 04:00","2026","05","29","04:00"
"-79.63","43.68","TORONTO INTL A","6158731","2026-05-29 05:00","2026","05","29","05:00"
"-79.63","43.68","TORONTO INTL A","6158731","2026-05-29 06:00","2026","05","29","06:00"
"-79.63","43.68","TORONTO INTL A","6158731","2026-05-29 07:00","2026","05","29","07:00"
"-79.63","43.68","TORONTO INTL A","6158731","2026-05-29 08:00","2026","05","29","08:00"
"-79.63","43.68","TORONTO INTL A","6158731","2026-05-29 09:00","2026","05","29","09:00"
"-79.63","43.68","TORONTO INTL A","6158731","2026-05-29 10:00","2026","05","29","10:00"
"-79.63","43.68","TORONTO INTL A","6158731","2026-05-29 11:00","2026","05","29","11:00"
"-79.63","43.68","TORONTO INTL A","6158731","2026-05-29 12:00","2026","05","29","12:00"
"-79.63","43.68","TORONTO INTL A","6158731","2026-05-29 13:00","2026","05","29","13:00"
"-79.63","43.68","TORONTO INTL A","6158731","2026-05-29 14:00","2026","05","29","14:00"
"-79.63","43.68","TORONTO INTL A","6158731","2026-05-29 15:00","2026","05","29","15:00"
"-79.63","43.68","TORONTO INTL A","6158731","2026-05-29 16:00","2026","05","29","16:00"
"-79.63","43.68","TORONTO INTL A","6158731","2026-05-29 17:00","2026","05","29","17:00"
"-79.63","43.68","TORONTO INTL A","6158731","2026-05-29 18:00","2026","05","29","18:00"
"-79.63","43.68","TORONTO INTL A","6158731","2026-05-29 19:00","2026","05","29","19:00"
"-79.63","43.68","TORONTO INTL A","6158731","2026-05-29 20:00","2026","05","29","20:00"
"-79.63","43.68","TORONTO INTL A","6158731","2026-05-29 21:00","2026","05","29","21:00"
"-79.63","43.68","TORONTO INTL A","6158731","2026-05-29 22:00","2026","05","29","22:00"
"-79.63","43.68","TORONTO INTL A","6158731","2026-05-29 23:00","2026","05","29","23:00"
"-79.63","43.68","TORONTO INTL A","6158731","2026-05-30 00:00","2026","05","30","00:00"
"-79.63","43.68","TORONTO INTL A","6158731","2026-05-30 01:00","2026","05","30","01:00"
"-79.63","43.68","TORONTO INTL A","6158731","2026-05-30 02:00","2026","05","30","02:00"
"-79.63","43.68","TORONTO INTL A","6158731","2026-05-30 03:00","2026","05","30","03:00"
"-79.63","43.68","TORONTO INTL A","6158731","2026-05-30 04:00","2026","05","30","04:00"
"-79.63","43.68","TORONTO INTL A","6158731","2026-05-30 05:00","2026","05","30","05:00"
"-79.63","43.68","TORONTO INTL A","6158731","2026-05-30 06:00","2026","05","30","06:00"
"-79.63","43.68","TORONTO INTL A","6158731","2026-05-30 07:00","2026","05","30","07:00"
"-79.63","43.68","TORONTO INTL A","6158731","2026-05-30 08:00","2026","05","30","08:00"
"-79.63","43.68","TORONTO INTL A","6158731","2026-05-30 09:00","2026","05","30","09:00"
"-79.63","43.68","TORONTO INTL A","6158731","2026-05-30 10:00","2026","05","30","10:00"
"-79.63","43.68","TORONTO INTL A","6158731","2026-05-30 11:00","2026","05","30","11:00"
"-79.63","43.68","TORONTO INTL A","6158731","2026-05-30 12:00","2026","05","30","12:00"
"-79.63","43.68","TORONTO INTL A","6158731","2026-05-30 13:00","2026","05","30","13:00"
"-79.63","43.68","TORONTO INTL A","6158731","2026-05-30 14:00","2026","05","30","14:00"
"-79.63","43.68","TORONTO INTL A","6158731","2026-05-30 15:00","2026","05","30","15:00"
"-79.63","43.68","TORONTO INTL A","6158731","2026-05-30 16:00","2026","05","30","16:00"
"-79.63","43.68","TORONTO INTL A","6158731","2026-05-30 17:00","2026","05","30","17:00"
"-79.63","43.68","TORONTO INTL A","6158731","2026-05-30 18:00","2026","05","30","18:00"
"-79.63","43.68","TORONTO INTL A","6158731","2026-05-30 19:00","2026","05","30","19:00"
"-79.63","43.68","TORONTO INTL A","6158731","2026-05-30 20:00","2026","05","30","20:00"
"-79.63","43.68","TORONTO INTL A","6158731","2026-05-30 21:00","2026","05","30","21:00"
"-79.63","43.68","TORONTO INTL A","6158731","2026-05-30 22:00","2026","05","30","22:00"
"-79.63","43.68","TORONTO INTL A","6158731","2026-05-30 23:00","2026","05","30","23:00"
"-79.63","43.68","TORONTO INTL A","6158731","2026-05-31 00:00","2026","05","31","00:00"
"-79.63","43.68","TORONTO INTL A","6158731","2026-05-31 01:00","2026","05","31","01:00"
"-79.63","43.68","TORONTO INTL A","6158731","2026-05-31 02:00","2026","05","31","02:00"
"-79.63","43.68","TORONTO INTL A","6158731","2026-05-31 03:00","2026","05","31","03:00"
"-79.63","43.68","TORONTO INTL A","6158731","2026-05-31 04:00","2026","05","31","04:00"
"-79.63","43.68","TORONTO INTL A","6158731","2026-05-31 05:00","2026","05","31","05:00"
"-79.63","43.68","TORONTO INTL A","6158731","2026-05-31 06:00","2026","05","31","06:00"
"-79.63","43.68","TORONTO INTL A","6158731","2026-05-31 07:00","2026","05","31","07:00"
"-79.63","43.68","TORONTO INTL A","6158731","2026-05-31 08:00","2026","05","31","08:00"
"-79.63","43.68","TORONTO INTL A","6158731","2026-05-31 09:00","2026","05","31","09:00"
"-79.63","43.68","TORONTO INTL A","6158731","2026-05-31 10:00","2026","05","31","10:00"
"-79.63","43.68","TORONTO INTL A","6158731","2026-05-31 11:00","2026","05","31","11:00"
"-79.63","43.68","TORONTO INTL A","6158731","2026-05-31 12:00","2026","05","31","12:00"
"-79.63","43.68","TORONTO INTL A","6158731","2026-05-31 13:00","2026","05","31","13:00"
"-79.63","43.68","TORONTO INTL A","6158731","2026-05-31 14:00","2026","05","31","14:00"
"-79.63","43.68","TORONTO INTL A","6158731","2026-05-31 15:00","2026","05","31","15:00"
"-79.63","43.68","TORONTO INTL A","6158731","2026-05-31 16:00","2026","05","31","16:00"
"-79.63","43.68","TORONTO INTL A","6158731","2026-05-31 17:00","2026","05","31","17:00"
"-79.63","43.68","TORONTO INTL A","6158731","2026-05-31 18:00","2026","05","31","18:00"
"-79.63","43.68","TORONTO INTL A","6158731","2026-05-31 19:00","2026","05","31","19:00"
"-79.63","43.68","TORONTO INTL A","6158731","2026-05-31 20:00","2026","05","31","20:00"
"-79.63","43.68","TORONTO INTL A","6158731","2026-05-31 21:00","2026","05","31","21:00"
"-79.63","43.68","TORONTO INTL A","6158731","2026-05-31 22:00","2026","05","31","22:00"
"-79.63","43.68","TORONTO INTL A","6158731","2026-05-31 23:00","2026","05","31","23:00"
